伊纳西奥.卡马乔,http://soccer.stats.qq.com/player.htm?type=dejia&t1=49735,183cm,75kg,西班牙,1990-05-04,
穆罕默迪,http://soccer.stats.qq.com/player.htm?type=dejia&t1=52156,183cm,79kg,Switzerland,1991-03-16,前锋
乔舒亚.吉拉沃吉,http://soccer.stats.qq.com/player.htm?type=dejia&t1=59017,188cm,77kg,法国,1990-09-19,
保罗-乔治.恩泰普,http://soccer.stats.qq.com/player.htm?type=dejia&t1=90126,180cm,75kg,法国,1992-07-29,
费利克斯・克劳斯,http://soccer.stats.qq.com/player.htm?type=dejia&t1=91026,179cm,79kg,德国,1992-09-13,
尤努斯・马尔勒,http://soccer.stats.qq.com/player.htm?type=dejia&t1=101047,179cm,72kg,德国,1992-02-24,中场
马克西米利安・阿诺尔德,http://soccer.stats.qq.com/player.htm?type=dejia&t1=109219,184cm,74kg,德国,1994-05-27,
雷纳托.斯蒂芬,http://soccer.stats.qq.com/player.htm?type=dejia&t1=119788,170cm,65kg,瑞士,1991-11-03,中场
巴佐尔,http://soccer.stats.qq.com/player.htm?type=dejia&t1=165936,184cm,74kg,荷兰,1996-10-12,
阿萨维,http://soccer.stats.qq.com/player.htm?type=dejia&t1=179512,177cm,72kg,,1998-01-06,
布莱卡罗,http://soccer.stats.qq.com/player.htm?type=dejia&t1=218368,175cm,70kg,,1998-06-23,
丹尼尔.金切克,http://soccer.stats.qq.com/player.htm?type=dejia&t1=78900,190cm,85kg,德国,1991-04-13,
杰弗里・布鲁马,http://soccer.stats.qq.com/player.htm?type=dejia&t1=77453,190cm,88kg,荷兰,1991-11-13,
鲁西隆,http://soccer.stats.qq.com/player.htm?type=dejia&t1=93289,175cm,80kg,法国,1993-01-06,
罗宾-克诺赫,http://soccer.stats.qq.com/player.htm?type=dejia&t1=96202,190cm,77kg,德国,1992-05-22,
布鲁克斯,http://soccer.stats.qq.com/player.htm?type=dejia&t1=100941,193cm,78kg,德国,1993-01-28,后卫
凯文-姆巴布,http://soccer.stats.qq.com/player.htm?type=dejia&t1=120721,184cm,80kg,瑞士,1995-04-19,
亚尼克・格哈特,http://soccer.stats.qq.com/player.htm?type=dejia&t1=164512,184cm,81kg,德国,1994-03-13,
马塞尔・蒂塞兰德,http://soccer.stats.qq.com/player.htm?type=dejia&t1=168435,190cm,80kg,法国,1993-01-10,
库恩・卡斯特尔斯,http://soccer.stats.qq.com/player.htm?type=dejia&t1=66763,197cm,78kg,比利时,1992-06-25,门将
克里斯蒂安.亨特纳,http://soccer.stats.qq.com/player.htm?type=dejia&t1=19769,189cm,81kg,德国,1985-08-14,
费利什.克鲁斯,http://soccer.stats.qq.com/player.htm?type=dejia&t1=57300,184cm,78kg,德国,1991-03-12,
曼努埃尔.施密德巴赫,http://soccer.stats.qq.com/player.htm?type=dejia&t1=61301,171cm,70kg,德国,1988-12-05,
戈雅,http://soccer.stats.qq.com/player.htm?type=dejia&t1=93099,177cm,72kg,德国,1992-01-18,
塞巴斯蒂安・波尔特,http://soccer.stats.qq.com/player.htm?type=dejia&t1=66379,190cm,88kg,德国,1991-04-01,
安东尼・乌贾,http://soccer.stats.qq.com/player.htm?type=dejia&t1=82287,183cm,81kg,尼日利亚,1990-10-14,前锋
内文.苏博蒂奇,http://soccer.stats.qq.com/player.htm?type=dejia&t1=41452,193cm,85kg,塞尔维亚,1988-12-10,
肯・赖歇尔,http://soccer.stats.qq.com/player.htm?type=dejia&t1=42675,185cm,84kg,德国,1986-12-19,
马文・弗里德里希,http://soccer.stats.qq.com/player.htm?type=dejia&t1=182157,193cm,80kg,德国,1995-12-13,
拉普,http://soccer.stats.qq.com/player.htm?type=dejia&t1=183306,185cm,75kg,德国,1996-12-13,
雅科布・布斯克,http://soccer.stats.qq.com/player.htm?type=dejia&t1=107557,185cm,78kg,丹麦,1993-09-12,
丹尼-拉塔泽,http://soccer.stats.qq.com/player.htm?type=dejia&t1=51930,179cm,76kg,德国,1989-12-07,
亚历山德鲁・马克西姆,http://soccer.stats.qq.com/player.htm?type=dejia&t1=106336,178cm,73kg,Romania,1990-07-08,中场
赫塞-罗德里格斯,http://soccer.stats.qq.com/player.htm?type=dejia&t1=119402,180cm,72kg,西班牙,1994-12-16,
简-菲利普・戈巴明,http://soccer.stats.qq.com/player.htm?type=dejia&t1=160987,186cm,83kg,科特迪瓦,1995-09-25,
莱温・梅特・厄兹图纳勒,http://soccer.stats.qq.com/player.htm?type=dejia&t1=165174,184cm,80kg,德国,1996-03-15,
池东沅,http://soccer.stats.qq.com/player.htm?type=dejia&t1=98769,188cm,81kg,韩国,1991-05-28,前卫
罗宾・夸伊森,http://soccer.stats.qq.com/player.htm?type=dejia&t1=103578,183cm,77kg,瑞典,1993-10-09,
简・保罗・博迪斯,http://soccer.stats.qq.com/player.htm?type=dejia&t1=140194,178cm,70kg,荷兰,1994-03-22,
丹尼尔・布罗辛斯基,http://soccer.stats.qq.com/player.htm?type=dejia&t1=49200,178cm,70kg,德国,1988-07-17,
斯特凡・贝尔,http://soccer.stats.qq.com/player.htm?type=dejia&t1=80941,192cm,88kg,Germany,1991-08-24,
罗宾・泽特纳,http://soccer.stats.qq.com/player.htm?type=dejia&t1=192079,194cm,96kg,德国,1994-10-28,
拉尔斯.本德尔,http://soccer.stats.qq.com/player.htm?type=dejia&t1=38117,185cm,81kg,德国,1989-04-27,中场
尤利安・鲍姆加特林格,http://soccer.stats.qq.com/player.htm?type=dejia&t1=48882,184cm,86kg,奥地利,1988-01-02,中场
卡里姆・贝拉拉比,http://soccer.stats.qq.com/player.htm?type=dejia&t1=61583,184cm,81kg,德国,1990-04-08,中场
查尔斯.阿兰吉斯,http://soccer.stats.qq.com/player.htm?type=dejia&t1=83531,171cm,70kg,智利,1989-04-17,中场
凯雷姆・德米尔巴伊,http://soccer.stats.qq.com/player.htm?type=dejia&t1=118890,182cm,72kg,土耳其,1993-07-03,
凯文・福兰德,http://soccer.stats.qq.com/player.htm?type=dejia&t1=85370,178cm,85kg,德国,1992-07-30,
斯文.本德尔,http://soccer.stats.qq.com/player.htm?type=dejia&t1=38118,186cm,80kg,德国,1989-04-27,
亚历山大.德拉戈维奇,http://soccer.stats.qq.com/player.htm?type=dejia&t1=60598,186cm,88kg,奥地利,1991-03-06,后卫
米切尔・维泽尔,http://soccer.stats.qq.com/player.htm?type=dejia&t1=109203,177cm,71kg,德国,1994-04-21,
蒂尼-杰瓦吉,http://soccer.stats.qq.com/player.htm?type=dejia&t1=153542,184cm,82kg,克罗地亚,1995-11-28,后卫
温德尔,http://soccer.stats.qq.com/player.htm?type=dejia&t1=164096,178cm,72kg,巴西,1993-07-20,
若纳唐・塔,http://soccer.stats.qq.com/player.htm?type=dejia&t1=164454,195cm,97kg,德国,1996-02-11,
辛克格拉芬,http://soccer.stats.qq.com/player.htm?type=dejia&t1=167432,179cm,65kg,荷兰,1995-07-04,
拉马赞.厄兹坎,http://soccer.stats.qq.com/player.htm?type=dejia&t1=39645,184cm,78kg,奥地利,1984-06-28,门将
尼克拉斯・隆布,http://soccer.stats.qq.com/player.htm?type=dejia&t1=120136,187cm,84kg,德国,1993-07-28,
阿克塞尔・维特塞尔,http://soccer.stats.qq.com/player.htm?type=dejia&t1=41189,186cm,73kg,比利时,1989-01-12,中场
塞巴斯蒂安.罗德,http://soccer.stats.qq.com/player.htm?type=dejia&t1=49977,179cm,75kg,德国,1990-10-11,
安德烈.许尔勒,http://soccer.stats.qq.com/player.htm?type=dejia&t1=66842,184cm,73kg,德国,1990-11-06,中场
托马斯.德莱尼,http://soccer.stats.qq.com/player.htm?type=dejia&t1=68640,182cm,71kg,丹麦,1991-09-03,
马里奥.格策,http://soccer.stats.qq.com/player.htm?type=dejia&t1=69600,176cm,75kg,德国,1992-06-03,前锋
香川真司,http://soccer.stats.qq.com/player.htm?type=dejia&t1=83090,175cm,68kg,日本,1989-03-17,中场
舒尔茨,http://soccer.stats.qq.com/player.htm?type=dejia&t1=85073,180cm,78kg,德国,1993-04-01,
马哈茂德・达胡德,http://soccer.stats.qq.com/player.htm?type=dejia&t1=168090,178cm,68kg,德国,1996-01-01,
魏格尔,http://soccer.stats.qq.com/player.htm?type=dejia&t1=179411,186cm,72kg,,1995-09-08,中场
马尔科=罗伊斯,http://soccer.stats.qq.com/player.htm?type=dejia&t1=50523,180cm,71kg,德国,1989-05-31,中场
帕科.阿尔卡塞尔,http://soccer.stats.qq.com/player.htm?type=dejia&t1=86876,175cm,71kg,西班牙,1993-08-30,
索尔甘-阿扎尔,http://soccer.stats.qq.com/player.htm?type=dejia&t1=97471,174cm,69kg,比利时,1993-03-29,
朱利安・布朗德特,http://soccer.stats.qq.com/player.htm?type=dejia&t1=177591,186cm,84kg,德国,1996-05-02,中场
马克西米利安・菲利普,http://soccer.stats.qq.com/player.htm?type=dejia&t1=182954,183cm,79kg,德国,1994-03-01,
胡梅尔斯,http://soccer.stats.qq.com/player.htm?type=dejia&t1=38392,191cm,92kg,德国,1988-12-16,后卫
卢卡什.皮什切克,http://soccer.stats.qq.com/player.htm?type=dejia&t1=42566,184cm,79kg,波兰,1985-06-03,后卫
厄梅尔.托普拉克,http://soccer.stats.qq.com/player.htm?type=dejia&t1=50022,186cm,83kg,德国,1989-07-21,
马塞尔.施梅尔策,http://soccer.stats.qq.com/player.htm?type=dejia&t1=52516,180cm,74kg,德国,1988-01-22,后卫
拉斐尔・古埃雷罗,http://soccer.stats.qq.com/player.htm?type=dejia&t1=120772,170cm,71kg,法国,1993-12-22,后卫
耶雷米・托利安,http://soccer.stats.qq.com/player.htm?type=dejia&t1=160540,182cm,76kg,Germany,1994-08-08,
阿卜杜・迪亚洛,http://soccer.stats.qq.com/player.htm?type=dejia&t1=178478,186cm,79kg,法国,1996-05-04,
罗马・布尔基,http://soccer.stats.qq.com/player.htm?type=dejia&t1=45281,187cm,85kg,瑞士,1990-11-14,门将
马尔文.伊茨,http://soccer.stats.qq.com/player.htm?type=dejia&t1=56484,194cm,89kg,瑞士,1987-09-18,门将
法比安.约翰逊,http://soccer.stats.qq.com/player.htm?type=dejia&t1=37070,183cm,74kg,德国,1987-12-11,后卫
拉尔斯.斯廷德尔,http://soccer.stats.qq.com/player.htm?type=dejia&t1=49992,181cm,80kg,德国,1988-08-26,
克里斯托夫・克拉默,http://soccer.stats.qq.com/player.htm?type=dejia&t1=100927,191cm,76kg,德国,1991-02-19,前卫
托比亚斯・施特罗布尔,http://soccer.stats.qq.com/player.htm?type=dejia&t1=111321,188cm,77kg,德国,1990-05-12,
约纳斯.霍夫曼,http://soccer.stats.qq.com/player.htm?type=dejia&t1=118876,176cm,70kg,德国,1992-07-14,
扎卡里亚,http://soccer.stats.qq.com/player.htm?type=dejia&t1=212701,191cm,80kg,,1996-11-20,中场
拉斐尔,http://soccer.stats.qq.com/player.htm?type=dejia&t1=41918,174cm,69kg,巴西,1985-03-28,
易卜拉希马・特劳雷,http://soccer.stats.qq.com/player.htm?type=dejia&t1=44995,171cm,61kg,几内亚,1988-04-21,
帕特里克.赫尔曼,http://soccer.stats.qq.com/player.htm?type=dejia&t1=80580,179cm,70kg,德国,1991-02-12,
阿拉桑・普里亚,http://soccer.stats.qq.com/player.htm?type=dejia&t1=108168,181cm,79kg,法国,1993-03-10,
恩博洛,http://soccer.stats.qq.com/player.htm?type=dejia&t1=181007,185cm,86kg,瑞士,1997-02-14,前锋
奥斯卡.温特,http://soccer.stats.qq.com/player.htm?type=dejia&t1=39457,181cm,82kg,瑞典,1985-10-24,
迈可尔.朗,http://soccer.stats.qq.com/player.htm?type=dejia&t1=47085,185cm,79kg,瑞士,1991-02-08,后卫
托尼.扬奇克,http://soccer.stats.qq.com/player.htm?type=dejia&t1=49843,177cm,76kg,德国,1990-04-07,
马蒂亚斯・金特尔,http://soccer.stats.qq.com/player.htm?type=dejia&t1=111251,191cm,89kg,德国,1994-01-19,前卫
尼科.埃尔维迪,http://soccer.stats.qq.com/player.htm?type=dejia&t1=173774,189cm,78kg,瑞士,1996-09-30,后卫
雅恩.索默,http://soccer.stats.qq.com/player.htm?type=dejia&t1=34683,183cm,79kg,瑞士,1988-12-17,门将
托比亚斯.西佩尔,http://soccer.stats.qq.com/player.htm?type=dejia&t1=38055,183cm,78kg,德国,1988-03-22,
马克斯・格林,http://soccer.stats.qq.com/player.htm?type=dejia&t1=50644,190cm,86kg,德国,1987-04-05,
长谷部诚,http://soccer.stats.qq.com/player.htm?type=dejia&t1=37121,180cm,72kg,日本,1984-01-18,中场
乔纳森.德古兹曼,http://soccer.stats.qq.com/player.htm?type=dejia&t1=39204,173cm,70kg,荷兰,1987-09-13,前卫
热尔松.费尔南德斯,http://soccer.stats.qq.com/player.htm?type=dejia&t1=39680,179cm,70kg,瑞士,1986-09-02,中场
尼科莱・穆勒 ,http://soccer.stats.qq.com/player.htm?type=dejia&t1=41273,173cm,66kg,德国,1987-09-25,
菲利普.科斯蒂奇,http://soccer.stats.qq.com/player.htm?type=dejia&t1=104215,184cm,82kg,塞尔维亚,1992-11-01,
多米尼克・科尔,http://soccer.stats.qq.com/player.htm?type=dejia&t1=114549,185cm,81kg,德国,1994-01-31,
马克.施滕德拉,http://soccer.stats.qq.com/player.htm?type=dejia&t1=120669,173cm,73kg,德国,1995-12-10,
安特・雷比奇,http://soccer.stats.qq.com/player.htm?type=dejia&t1=98456,185cm,78kg,克罗地亚,1993-09-21,前锋
塞巴斯蒂安・哈勒,http://soccer.stats.qq.com/player.htm?type=dejia&t1=103123,190cm,82kg,法国,1994-06-22,
帕森西亚,http://soccer.stats.qq.com/player.htm?type=dejia&t1=165812,184cm,70kg,葡萄牙,1994-08-01,
马科.鲁斯,http://soccer.stats.qq.com/player.htm?type=dejia&t1=20371,190cm,88kg,德国,1985-08-04,
戴维.亚伯拉罕,http://soccer.stats.qq.com/player.htm?type=dejia&t1=52026,188cm,83kg,阿根廷,1986-07-15,
蒂莫蒂.钱德勒,http://soccer.stats.qq.com/player.htm?type=dejia&t1=57500,186cm,84kg,德国,1990-03-29,后卫
杰特罗・威廉姆斯,http://soccer.stats.qq.com/player.htm?type=dejia&t1=92159,177cm,65kg,荷兰,1994-03-30,
丹尼.达科斯塔,http://soccer.stats.qq.com/player.htm?type=dejia&t1=92295,187cm,85kg,德国,1993-07-13,
西蒙・法莱特,http://soccer.stats.qq.com/player.htm?type=dejia&t1=108988,184cm,89kg,法国,1992-02-19,
埃里克.杜姆,http://soccer.stats.qq.com/player.htm?type=dejia&t1=118884,183cm,72kg,德国,1992-05-12,后卫
阿尔马米・图雷,http://soccer.stats.qq.com/player.htm?type=dejia&t1=192292,183cm,72kg,法国,1996-04-28,
费利什.魏德沃尔德,http://soccer.stats.qq.com/player.htm?type=dejia&t1=66880,190cm,82kg,德国,1990-03-15,
巴耶尔,http://soccer.stats.qq.com/player.htm?type=dejia&t1=17121,176cm,77kg,德国,1984-05-18,
扬.莫拉维克,http://soccer.stats.qq.com/player.htm?type=dejia&t1=51971,180cm,77kg,捷克,1989-11-01,
卡尤比,http://soccer.stats.qq.com/player.htm?type=dejia&t1=56482,184cm,85kg,巴西,1988-07-14,
米夏埃尔・格雷戈里奇,http://soccer.stats.qq.com/player.htm?type=dejia&t1=62480,193cm,87kg,奥地利,1994-04-18,
具滋哲,http://soccer.stats.qq.com/player.htm?type=dejia&t1=77865,183cm,79kg,韩国,1989-02-27,中场
安德雷.哈恩,http://soccer.stats.qq.com/player.htm?type=dejia&t1=84346,185cm,79kg,德国,1990-08-13,
拉尼・赫迪拉,http://soccer.stats.qq.com/player.htm?type=dejia&t1=111450,188cm,84kg,德国,1994-01-27,
卡洛斯・格鲁埃佐,http://soccer.stats.qq.com/player.htm?type=dejia&t1=147744,171cm,67kg,厄瓜多尔,1995-04-19,中场
朱利安.席贝尔,http://soccer.stats.qq.com/player.htm?type=dejia&t1=58867,186cm,85kg,德国,1989-02-13,
艾尔弗雷德・芬博加森,http://soccer.stats.qq.com/player.htm?type=dejia&t1=62980,184cm,80kg,冰岛,1989-02-01,前锋
马克・苏奇,http://soccer.stats.qq.com/player.htm?type=dejia&t1=28340,183cm,84kg,Czech Republic,1988-03-29,后卫
马丁.辛特格雷,http://soccer.stats.qq.com/player.htm?type=dejia&t1=88033,186cm,83kg,奥地利,1992-09-07,后卫
拉斐尔・弗拉姆贝格尔,http://soccer.stats.qq.com/player.htm?type=dejia&t1=164452,179cm,73kg,德国,1995-09-06,
蒂姆・里德,http://soccer.stats.qq.com/player.htm?type=dejia&t1=186645,186cm,77kg,德国,1993-09-03,
法比安.杰费尔,http://soccer.stats.qq.com/player.htm?type=dejia&t1=49915,196cm,93kg,德国,1990-05-17,
马丁内斯,http://soccer.stats.qq.com/player.htm?type=dejia&t1=37793,192cm,86kg,西班牙,1988-09-02,后卫
蒂亚戈,http://soccer.stats.qq.com/player.htm?type=dejia&t1=61558,174cm,70kg,西班牙,1991-04-11,中场
莱昂・戈雷茨卡,http://soccer.stats.qq.com/player.htm?type=dejia&t1=119090,189cm,79kg,德国,1995-02-06,
科曼,http://soccer.stats.qq.com/player.htm?type=dejia&t1=129508,179cm,75kg,法国,1996-06-13,前锋
格纳布利,http://soccer.stats.qq.com/player.htm?type=dejia&t1=133798,175cm,75kg,Germany,1995-07-14,
托利索,http://soccer.stats.qq.com/player.htm?type=dejia&t1=168568,181cm,81kg,法国,1994-08-03,
雷纳托-桑谢斯,http://soccer.stats.qq.com/player.htm?type=dejia&t1=171319,176cm,70kg,,1997-08-18,中场
托马斯-穆勒,http://soccer.stats.qq.com/player.htm?type=dejia&t1=55634,186cm,75kg,德国,1989-09-13,前锋
莱万多夫斯基,http://soccer.stats.qq.com/player.htm?type=dejia&t1=56764,184cm,80kg,波兰,1988-08-21,前锋
热罗姆.博阿滕,http://soccer.stats.qq.com/player.htm?type=dejia&t1=40691,192cm,90kg,德国,1988-09-03,后卫
阿拉巴,http://soccer.stats.qq.com/player.htm?type=dejia&t1=50188,180cm,78kg,奥地利,1992-06-24,中场
尼克拉斯・聚勒,http://soccer.stats.qq.com/player.htm?type=dejia&t1=161450,195cm,97kg,Germany,1995-09-03,
基米希,http://soccer.stats.qq.com/player.htm?type=dejia&t1=165687,176cm,73kg,,1995-02-08,中场
卢卡斯・埃尔南德斯,http://soccer.stats.qq.com/player.htm?type=dejia&t1=174888,182cm,76kg,法国,1996-02-14,
本杰明・帕瓦,http://soccer.stats.qq.com/player.htm?type=dejia&t1=202675,186cm,76kg,法国,1996-03-28,
诺伊尔,http://soccer.stats.qq.com/player.htm?type=dejia&t1=20388,193cm,92kg,德国,1986-03-27,门将
斯文.乌尔赖希,http://soccer.stats.qq.com/player.htm?type=dejia&t1=49431,192cm,87kg,德国,1988-08-03,
塞巴斯蒂安.鲁迪,http://soccer.stats.qq.com/player.htm?type=dejia&t1=51184,180cm,74kg,德国,1990-02-28,后卫
叶夫辛.科诺普尔扬卡,http://soccer.stats.qq.com/player.htm?type=dejia&t1=67773,178cm,78kg,乌克兰,1989-09-29,中场
丹尼尔.卡利久里,http://soccer.stats.qq.com/player.htm?type=dejia&t1=79259,182cm,80kg,意大利,1988-01-15,
奥玛尔・麦斯卡利,http://soccer.stats.qq.com/player.htm?type=dejia&t1=107594,181cm,76kg,赤道几内亚,1993-02-02,
尼贝尔-本塔莱布,http://soccer.stats.qq.com/player.htm?type=dejia&t1=126407,187cm,78kg,法国,1994-11-24,中场
绍普夫,http://soccer.stats.qq.com/player.htm?type=dejia&t1=168083,178cm,74kg,,1994-02-07,中场
乌特,http://soccer.stats.qq.com/player.htm?type=dejia&t1=85075,184cm,77kg,德国,1991-08-24,
雷瑟,http://soccer.stats.qq.com/player.htm?type=dejia&t1=205458,187cm,80kg,,1997-11-29,
巴斯蒂安.奥齐普卡,http://soccer.stats.qq.com/player.htm?type=dejia&t1=51931,185cm,85kg,德国,1989-01-12,
本杰明.斯坦鲍利,http://soccer.stats.qq.com/player.htm?type=dejia&t1=80710,180cm,82kg,法国,1990-08-13,
马蒂贾・纳斯塔西奇,http://soccer.stats.qq.com/player.htm?type=dejia&t1=84702,188cm,83kg,塞尔维亚,1993-03-28,
因苏亚,http://soccer.stats.qq.com/player.htm?type=dejia&t1=88621,187cm,80kg,西班牙,1993-09-09,
萨利夫.萨内,http://soccer.stats.qq.com/player.htm?type=dejia&t1=92196,196cm,85kg,法国,1990-08-25,
肯尼,http://soccer.stats.qq.com/player.htm?type=dejia&t1=153673,176cm,67kg,英格兰,1997-03-15,
亚历山大・尼贝尔,http://soccer.stats.qq.com/player.htm?type=dejia&t1=186658,193cm,86kg,德国,1996-09-30,
奥利弗.芬克,http://soccer.stats.qq.com/player.htm?type=dejia&t1=20498,187cm,78kg,德国,1982-06-06,
马蒂亚斯・齐默曼,http://soccer.stats.qq.com/player.htm?type=dejia&t1=76305,177cm,76kg,德国,1992-06-16,
莫拉雷斯,http://soccer.stats.qq.com/player.htm?type=dejia&t1=90511,183cm,77kg,德国,1990-05-12,
凯文・施特格,http://soccer.stats.qq.com/player.htm?type=dejia&t1=93293,175cm,73kg,奥地利,1993-08-27,
托马斯・普莱德尔,http://soccer.stats.qq.com/player.htm?type=dejia&t1=118334,173cm,71kg,德国,1994-05-23,
凯南・卡拉曼,http://soccer.stats.qq.com/player.htm?type=dejia&t1=165172,189cm,83kg,土耳其,1994-03-05,
马塞尔・索波特卡,http://soccer.stats.qq.com/player.htm?type=dejia&t1=178882,185cm,75kg,德国,1994-04-25,
埃里克・汤米,http://soccer.stats.qq.com/player.htm?type=dejia&t1=179028,174cm,70kg,德国,1994-08-20,
鲁文.亨宁斯,http://soccer.stats.qq.com/player.htm?type=dejia&t1=37002,180cm,80kg,德国,1987-08-28,
库约维奇,http://soccer.stats.qq.com/player.htm?type=dejia&t1=51997,194cm,88kg,,1988-06-22,前锋
哈瓦德・尼尔森,http://soccer.stats.qq.com/player.htm?type=dejia&t1=92073,187cm,80kg,挪威,1993-07-15,
亚当・博德策克,http://soccer.stats.qq.com/player.htm?type=dejia&t1=20446,184cm,80kg,德国,1985-09-07,
迭戈.康滕托,http://soccer.stats.qq.com/player.htm?type=dejia&t1=59340,177cm,74kg,意大利,1990-05-01,
安德鲁.霍夫曼,http://soccer.stats.qq.com/player.htm?type=dejia&t1=86476,190cm,84kg,德国,1993-02-28,
尼科.吉塞尔曼,http://soccer.stats.qq.com/player.htm?type=dejia&t1=123345,182cm,75kg,德国,1991-09-26,
卡恩・艾汉,http://soccer.stats.qq.com/player.htm?type=dejia&t1=159522,184cm,84kg,德国,1994-11-10,
迈克尔.伦兴,http://soccer.stats.qq.com/player.htm?type=dejia&t1=17130,190cm,93kg,德国,1984-05-14,
拉斐尔・沃尔夫,http://soccer.stats.qq.com/player.htm?type=dejia&t1=44991,190cm,86kg,德国,1988-06-06,
佩尔・西延・谢尔布雷,http://soccer.stats.qq.com/player.htm?type=dejia&t1=18664,178cm,73kg,挪威,1987-06-16,
萨洛蒙.卡鲁,http://soccer.stats.qq.com/player.htm?type=dejia&t1=37352,184cm,77kg,科特迪瓦,1985-08-05,前锋
艾斯维恩	,http://soccer.stats.qq.com/player.htm?type=dejia&t1=49260,182cm,85kg,德国,1990-03-25,
马修.莱茨基,http://soccer.stats.qq.com/player.htm?type=dejia&t1=100887,181cm,82kg,澳大利亚,1991-02-04,中场
弗拉迪米尔・达里达,http://soccer.stats.qq.com/player.htm?type=dejia&t1=102742,172cm,67kg,捷克,1990-08-08,中场
昂德列.杜达,http://soccer.stats.qq.com/player.htm?type=dejia&t1=139110,181cm,75kg,斯洛伐克,1994-12-05,中场
格鲁伊奇,http://soccer.stats.qq.com/player.htm?type=dejia&t1=210237,191cm,82kg,,1996-04-13,
维达德.伊比舍维奇,http://soccer.stats.qq.com/player.htm?type=dejia&t1=18695,188cm,83kg,波黑,1984-08-06,前锋
戴维・塞尔克,http://soccer.stats.qq.com/player.htm?type=dejia&t1=174657,194cm,84kg,德国,1995-01-20,
彼得.佩卡里克,http://soccer.stats.qq.com/player.htm?type=dejia&t1=42614,177cm,73kg,斯洛伐克,1986-10-30,后卫
德德里克.鲍亚塔,http://soccer.stats.qq.com/player.htm?type=dejia&t1=80235,188cm,84kg,民主刚果,1990-11-28,后卫
马尔文.普拉滕哈特,http://soccer.stats.qq.com/player.htm?type=dejia&t1=89484,181cm,76kg,德国,1992-01-26,
雷吉克,http://soccer.stats.qq.com/player.htm?type=dejia&t1=103040,186cm,84kg,荷兰,1994-12-02,后卫
尼克拉斯・斯塔克,http://soccer.stats.qq.com/player.htm?type=dejia&t1=160541,190cm,88kg,德国,1995-04-14,
麦斯米兰,http://soccer.stats.qq.com/player.htm?type=dejia&t1=204335,180cm,71kg,德国,1997-03-18,
鲁内・贾斯腾,http://soccer.stats.qq.com/player.htm?type=dejia&t1=28087,192cm,88kg,挪威,1984-09-29,
克拉夫特,http://soccer.stats.qq.com/player.htm?type=dejia&t1=42562,187cm,85kg,德国,1988-07-22,
斯蒂芬.伊尔桑克,http://soccer.stats.qq.com/player.htm?type=dejia&t1=62382,189cm,86kg,奥地利,1989-05-18,中场
弗斯博哥,http://soccer.stats.qq.com/player.htm?type=dejia&t1=66579,179cm,74kg,瑞典,1991-10-23,中场
凯文.坎普尔,http://soccer.stats.qq.com/player.htm?type=dejia&t1=77639,178cm,67kg,德国,1990-10-09,
德姆,http://soccer.stats.qq.com/player.htm?type=dejia&t1=92042,170cm,68kg,,1991-11-21,
马塞尔.萨比策,http://soccer.stats.qq.com/player.htm?type=dejia&t1=101338,177cm,77kg,奥地利,1994-03-17,中场
康拉德.莱默,http://soccer.stats.qq.com/player.htm?type=dejia&t1=109126,180cm,72kg,奥地利,1997-05-27,
蒂莫・沃纳,http://soccer.stats.qq.com/player.htm?type=dejia&t1=165153,180cm,75kg,德国,1996-03-06,
奥古斯丁,http://soccer.stats.qq.com/player.htm?type=dejia&t1=198523,177cm,69kg,法国,1997-06-16,
阿丁克.努坎,http://soccer.stats.qq.com/player.htm?type=dejia&t1=83381,196cm,86kg,土耳其,1993-07-20,
威利.奥尔班,http://soccer.stats.qq.com/player.htm?type=dejia&t1=101601,186cm,83kg,德国,1992-11-03,
马塞尔・哈尔斯滕贝格,http://soccer.stats.qq.com/player.htm?type=dejia&t1=118830,187cm,82kg,德国,1991-09-27,
古拉西,http://soccer.stats.qq.com/player.htm?type=dejia&t1=46506,192cm,86kg,匈牙利,1990-05-06,门将
伊文.姆沃戈,http://soccer.stats.qq.com/player.htm?type=dejia&t1=100952,190cm,90kg,瑞士,1994-06-06,门将
马龙・里特尔,http://soccer.stats.qq.com/player.htm?type=dejia&t1=186738,170cm,70kg,德国,1994-10-15,
乌韦・胡梅内尔,http://soccer.stats.qq.com/player.htm?type=dejia&t1=19071,189cm,85kg,德国,1986-01-09,
克里斯蒂安・斯特罗迭克,http://soccer.stats.qq.com/player.htm?type=dejia&t1=40267,192cm,89kg,德国,1988-01-22,
施基拿,http://soccer.stats.qq.com/player.htm?type=dejia&t1=179192,188cm,78kg,德国,1994-04-10,
沙欣-萨欣,http://soccer.stats.qq.com/player.htm?type=dejia&t1=20368,180cm,73kg,土耳其,1988-09-05,中场
芬恩.巴特尔斯,http://soccer.stats.qq.com/player.htm?type=dejia&t1=42973,176cm,69kg,德国,1987-02-07,
菲利浦.巴格弗雷德,http://soccer.stats.qq.com/player.htm?type=dejia&t1=50851,174cm,71kg,德国,1989-03-03,
戴维-克拉森,http://soccer.stats.qq.com/player.htm?type=dejia&t1=109065,179cm,70kg,Netherlands,1993-02-21,
艾格施泰恩 ,http://soccer.stats.qq.com/player.htm?type=dejia&t1=200850,181cm,75kg,德国,1996-12-08,
克劳迪奥.皮萨罗,http://soccer.stats.qq.com/player.htm?type=dejia&t1=5285,184cm,84kg,秘鲁,1978-10-03,
马丁.哈尼克,http://soccer.stats.qq.com/player.htm?type=dejia&t1=37797,185cm,75kg,奥地利,1987-06-10,中场
尼克拉斯・菲尔克鲁格,http://soccer.stats.qq.com/player.htm?type=dejia&t1=91889,189cm,83kg,德国,1993-02-09,
大迫勇也,http://soccer.stats.qq.com/player.htm?type=dejia&t1=158206,182cm,71kg,日本,1990-05-18,前锋
兰卡姆帕,http://soccer.stats.qq.com/player.htm?type=dejia&t1=45138,191cm,85kg,德国,1988-01-15,
泰多-格布雷-塞拉西,http://soccer.stats.qq.com/player.htm?type=dejia&t1=49869,181cm,71kg,捷克,1986-12-24,后卫
尼可拉斯-莫伊桑德,http://soccer.stats.qq.com/player.htm?type=dejia&t1=50448,183cm,75kg,Finland,1985-09-29,
米洛斯-维克杰科维奇,http://soccer.stats.qq.com/player.htm?type=dejia&t1=153265,188cm,85kg,塞黑,1995-09-26,
奥古斯廷森,http://soccer.stats.qq.com/player.htm?type=dejia&t1=155561,181cm,76kg,,1994-04-21,后卫
卡皮诺,http://soccer.stats.qq.com/player.htm?type=dejia&t1=88596,196cm,85kg,Greece,1994-03-18,门将
迈科.弗朗茨,http://soccer.stats.qq.com/player.htm?type=dejia&t1=54373,182cm,81kg,德国,1986-10-14,
约里克・拉维特,http://soccer.stats.qq.com/player.htm?type=dejia&t1=55592,178cm,72kg,法国,1989-09-12,
马尔科・泰拉齐诺,http://soccer.stats.qq.com/player.htm?type=dejia&t1=55949,177cm,77kg,德国,1991-04-15,
阿布拉西,http://soccer.stats.qq.com/player.htm?type=dejia&t1=84360,172cm,71kg,,1990-03-27,中场
尼古拉斯.霍夫勒,http://soccer.stats.qq.com/player.htm?type=dejia&t1=85515,181cm,78kg,德国,1990-03-09,
乔纳森.施密德,http://soccer.stats.qq.com/player.htm?type=dejia&t1=90514,179cm,79kg,德国,1990-06-22,
雅尼克・哈贝雷尔,http://soccer.stats.qq.com/player.htm?type=dejia&t1=111453,186cm,77kg,德国,1994-04-02,
权昌勋,http://soccer.stats.qq.com/player.htm?type=dejia&t1=154770,174cm,70kg,韩国,1994-06-30,
博雷洛,http://soccer.stats.qq.com/player.htm?type=dejia&t1=173175,178cm,79kg,澳大利亚,1995-07-25,
绍洛伊,http://soccer.stats.qq.com/player.htm?type=dejia&t1=197109,183cm,77kg,,1997-05-22,中场
尼利斯.佩特森,http://soccer.stats.qq.com/player.htm?type=dejia&t1=40689,188cm,84kg,德国,1988-12-06,
卢卡.瓦尔德施密特,http://soccer.stats.qq.com/player.htm?type=dejia&t1=168143,181cm,75kg,德国,1996-05-19,
曼努埃尔.古尔德,http://soccer.stats.qq.com/player.htm?type=dejia&t1=73521,184cm,78kg,德国,1991-02-12,
多米尼克.海因茨,http://soccer.stats.qq.com/player.htm?type=dejia&t1=107590,188cm,89kg,德国,1993-08-15,
克里斯蒂安・冈特尔,http://soccer.stats.qq.com/player.htm?type=dejia&t1=119382,184cm,83kg,Germany,1993-02-28,
利恩哈特,http://soccer.stats.qq.com/player.htm?type=dejia&t1=199245,189cm,80kg,,1996-07-11,
亚历山大・施沃罗,http://soccer.stats.qq.com/player.htm?type=dejia&t1=94196,189cm,84kg,Germany,1992-06-02,
史蒂芬・祖贝尔,http://soccer.stats.qq.com/player.htm?type=dejia&t1=52046,182cm,79kg,瑞士,1991-08-17,
鲁普-卢克鲁普 ,http://soccer.stats.qq.com/player.htm?type=dejia&t1=76306,178cm,73kg,Germany,1991-01-08,
莱昂纳多・比滕考特,http://soccer.stats.qq.com/player.htm?type=dejia&t1=96601,171cm,63kg,德国,1993-12-19,
温琴佐・格里福,http://soccer.stats.qq.com/player.htm?type=dejia&t1=137908,180cm,72kg,意大利,1993-04-07,
纳迪姆-埃米尔,http://soccer.stats.qq.com/player.htm?type=dejia&t1=183309,180cm,73kg,德国,1996-10-27,
亚当.萨莱,http://soccer.stats.qq.com/player.htm?type=dejia&t1=58712,193cm,90kg,匈牙利,1987-12-09,前锋
克拉马里奇,http://soccer.stats.qq.com/player.htm?type=dejia&t1=68582,177cm,73kg,克罗地亚,1991-06-19,前锋
伊沙克.贝尔福迪尔,http://soccer.stats.qq.com/player.htm?type=dejia&t1=76240,192cm,86kg,法国,1992-01-12,
阿瓦尔.诺德维特,http://soccer.stats.qq.com/player.htm?type=dejia&t1=43626,188cm,85kg,挪威,1990-06-21,
凯文・福格特,http://soccer.stats.qq.com/player.htm?type=dejia&t1=60432,194cm,85kg,德国,1991-09-23,
埃明.比卡克西奇,http://soccer.stats.qq.com/player.htm?type=dejia&t1=69147,185cm,85kg,波黑,1990-01-24,后卫
帕维尔・卡德拉贝,http://soccer.stats.qq.com/player.htm?type=dejia&t1=88169,182cm,81kg,捷克共和国,1992-04-25,后卫
康斯坦蒂诺斯・斯塔菲利迪斯,http://soccer.stats.qq.com/player.htm?type=dejia&t1=93001,178cm,77kg,希腊,1993-12-02,
凯文・阿克波古马,http://soccer.stats.qq.com/player.htm?type=dejia&t1=120002,192cm,82kg,德国,1995-04-19,
约舒亚.布伦内特,http://soccer.stats.qq.com/player.htm?type=dejia&t1=148205,182cm,70kg,荷兰,1994-03-20,
亚历山大.斯托尔兹,http://soccer.stats.qq.com/player.htm?type=dejia&t1=34656,189cm,89kg,德国,1983-10-13,
奥利佛.鲍曼,http://soccer.stats.qq.com/player.htm?type=dejia&t1=73140,187cm,82kg,德国,1990-06-02,
马塞尔.里塞,http://soccer.stats.qq.com/player.htm?type=dejia&t1=48561,183cm,75kg,德国,1989-12-17,
克里斯蒂安.克莱门斯,http://soccer.stats.qq.com/player.htm?type=dejia&t1=73028,179cm,79kg,德国,1991-08-04,
马尔科・赫格尔 ,http://soccer.stats.qq.com/player.htm?type=dejia&t1=80044,182cm,83kg,德国,1989-09-16,
维森特.科奇埃洛,http://soccer.stats.qq.com/player.htm?type=dejia&t1=194141,168cm,58kg,法国,1995-10-28,
安冬尼.莫德斯特,http://soccer.stats.qq.com/player.htm?type=dejia&t1=35865,187cm,84kg,法国,1988-04-14,
西蒙.特罗德,http://soccer.stats.qq.com/player.htm?type=dejia&t1=42577,192cm,83kg,德国,1988-03-02,
约翰・科尔多瓦,http://soccer.stats.qq.com/player.htm?type=dejia&t1=120606,185cm,85kg,哥伦比亚,1993-05-11,
拉塞.索别赫,http://soccer.stats.qq.com/player.htm?type=dejia&t1=69599,196cm,88kg,德国,1991-01-18,
弗雷德里克.索伦森,http://soccer.stats.qq.com/player.htm?type=dejia&t1=90719,194cm,88kg,丹麦,1992-04-14,
约纳斯・埃克托,http://soccer.stats.qq.com/player.htm?type=dejia&t1=112486,185cm,75kg,德国,1990-05-27,后卫
贝诺.施密茨,http://soccer.stats.qq.com/player.htm?type=dejia&t1=168082,182cm,75kg,德国,1994-11-17,
托马斯.凯斯勒,http://soccer.stats.qq.com/player.htm?type=dejia&t1=40668,197cm,92kg,德国,1986-01-20,
蒂莫-霍恩,http://soccer.stats.qq.com/player.htm?type=dejia&t1=101081,192cm,90kg,Germany,1993-05-12,
