托马斯・蒙科杜伊特,http://soccer.stats.qq.com/player.htm?type=fajia&t1=96616,184cm,83kg,法国,1991-02-10,
阿莱西斯・比,http://soccer.stats.qq.com/player.htm?type=fajia&t1=201392,184cm,78kg,法国,1996-09-16,
穆萨.科纳特,http://soccer.stats.qq.com/player.htm?type=fajia&t1=104613,181cm,78kg,塞内加尔,1993-04-03,
昆汀・科尔内特,http://soccer.stats.qq.com/player.htm?type=fajia&t1=193537,172cm,75kg,法国,1994-01-17,
马蒂乌.博德默,http://soccer.stats.qq.com/player.htm?type=fajia&t1=26896,190cm,90kg,法国,1982-11-22,
普林斯,http://soccer.stats.qq.com/player.htm?type=fajia&t1=98798,186cm,81kg,法国,1993-12-24,
马蒂厄.德雷耶,http://soccer.stats.qq.com/player.htm?type=fajia&t1=45032,188cm,81kg,法国,1989-03-20,
托马斯.曼加尼,http://soccer.stats.qq.com/player.htm?type=fajia&t1=18574,183cm,79kg,法国,1987-04-29,
帕若,http://soccer.stats.qq.com/player.htm?type=fajia&t1=85548,180cm,68kg,法国,1990-08-19,
赖恩-阿德莱德,http://soccer.stats.qq.com/player.htm?type=fajia&t1=208987,183cm,75kg,,1998-01-17,
史蒂芬・巴霍肯,http://soccer.stats.qq.com/player.htm?type=fajia&t1=98828,185cm,78kg,法国,1992-05-28,
拉奇德・阿里奥伊,http://soccer.stats.qq.com/player.htm?type=fajia&t1=102743,186cm,81kg,法国,1992-06-18,
托马斯-特劳雷,http://soccer.stats.qq.com/player.htm?type=fajia&t1=176441,175cm,73kg,法国,1993-12-27,
伊斯梅尔・特劳雷,http://soccer.stats.qq.com/player.htm?type=fajia&t1=42416,184cm,87kg,法国,1986-08-18,
阿卜杜拉耶.巴姆巴,http://soccer.stats.qq.com/player.htm?type=fajia&t1=57266,182cm,72kg,科特迪瓦,1990-04-25,
马特奥・帕夫洛维奇,http://soccer.stats.qq.com/player.htm?type=fajia&t1=68545,196cm,94kg,克罗地亚,1990-06-09,
西斯,http://soccer.stats.qq.com/player.htm?type=fajia&t1=95527,175cm,70kg,塞内加尔,1989-06-15,
佩伦纳德,http://soccer.stats.qq.com/player.htm?type=fajia&t1=176443,184cm,78kg,法国,1994-03-04,
安东尼-曼德雷亚,http://soccer.stats.qq.com/player.htm?type=fajia&t1=174272,186cm,78kg,法国,1996-12-25,
尤诺赛.萨卡哈雷,http://soccer.stats.qq.com/player.htm?type=fajia&t1=48768,184cm,80kg,法国,1989-09-10,
瓦达,http://soccer.stats.qq.com/player.htm?type=fajia&t1=195982,175cm,71kg,阿根廷,1996-03-06,
吉米.布里安德,http://soccer.stats.qq.com/player.htm?type=fajia&t1=27675,181cm,84kg,法国,1985-08-02,
尼古拉斯・德普雷维尔,http://soccer.stats.qq.com/player.htm?type=fajia&t1=73879,177cm,77kg,法国,1991-01-08,
特利查德,http://soccer.stats.qq.com/player.htm?type=fajia&t1=176569,Unknowncm,Unknownkg,法国,1995-03-27,
弗朗索瓦・卡玛诺,http://soccer.stats.qq.com/player.htm?type=fajia&t1=193512,175cm,77kg,几内亚,1996-05-02,
保罗.拜斯,http://soccer.stats.qq.com/player.htm?type=fajia&t1=37758,187cm,85kg,法国,1988-05-18,
贝尼托,http://soccer.stats.qq.com/player.htm?type=fajia&t1=68260,184cm,80kg,瑞士,1992-01-07,
迈克塞尔,http://soccer.stats.qq.com/player.htm?type=fajia&t1=80357,188cm,79kg,莫桑比克,1988-09-08,
马克西姆・庞德耶,http://soccer.stats.qq.com/player.htm?type=fajia&t1=121524,180cm,74kg,法国,1992-08-16,
尤苏夫.萨巴利,http://soccer.stats.qq.com/player.htm?type=fajia&t1=164474,173cm,67kg,法国,1993-03-05,
科斯蒂尔,http://soccer.stats.qq.com/player.htm?type=fajia&t1=42713,187cm,88kg,法国,1987-07-03,门将
马蒂亚斯.奥特雷,http://soccer.stats.qq.com/player.htm?type=fajia&t1=80565,179cm,64kg,法国,1991-03-01,
巴托基奥,http://soccer.stats.qq.com/player.htm?type=fajia&t1=94753,170cm,71kg,阿根廷,1992-02-10,
盖坦・沙邦尼尔,http://soccer.stats.qq.com/player.htm?type=fajia&t1=58625,188cm,80kg,法国,1988-12-27,
乌尔里希・凯文・马伊,http://soccer.stats.qq.com/player.htm?type=fajia&t1=105727,182cm,76kg,法国,1993-01-14,
安东尼・韦伯,http://soccer.stats.qq.com/player.htm?type=fajia&t1=42771,190cm,82kg,法国,1987-06-11,
朱利安・弗索依,http://soccer.stats.qq.com/player.htm?type=fajia&t1=54405,173cm,70kg,法国,1987-01-14,
莱昂・多诺万,http://soccer.stats.qq.com/player.htm?type=fajia&t1=103116,186cm,81kg,法国,1992-11-03,
朱利安・法布里,http://soccer.stats.qq.com/player.htm?type=fajia&t1=107254,183cm,75kg,法国,1994-02-05,
弗洛伦特.巴尔蒙,http://soccer.stats.qq.com/player.htm?type=fajia&t1=8747,168cm,72kg,法国,1980-02-02,
弗雷德里克.萨马里塔诺,http://soccer.stats.qq.com/player.htm?type=fajia&t1=54413,162cm,64kg,法国,1986-03-23,
罗曼-阿马尔菲塔诺,http://soccer.stats.qq.com/player.htm?type=fajia&t1=86158,175cm,71kg,法国,1989-08-27,
阿梅德,http://soccer.stats.qq.com/player.htm?type=fajia&t1=98746,178cm,85kg,法国,1992-08-06,
本杰明-简诺特 ,http://soccer.stats.qq.com/player.htm?type=fajia&t1=73667,183cm,78kg,法国,1992-01-22,
韦斯利・赛义德,http://soccer.stats.qq.com/player.htm?type=fajia&t1=161034,171cm,75kg,法国,1995-04-19,
韦斯利・劳托阿,http://soccer.stats.qq.com/player.htm?type=fajia&t1=85565,182cm,87kg,法国,1987-08-25,
法雷斯・巴卢利,http://soccer.stats.qq.com/player.htm?type=fajia&t1=161039,182cm,82kg,法国,1995-04-08,
乔纳森.班巴,http://soccer.stats.qq.com/player.htm?type=fajia&t1=195883,175cm,72kg,法国,1996-03-26,
卢瓦克.雷米,http://soccer.stats.qq.com/player.htm?type=fajia&t1=38419,185cm,80kg,法国,1987-01-02,前锋
雅辛・本齐亚,http://soccer.stats.qq.com/player.htm?type=fajia&t1=116628,178cm,76kg,法国,1994-09-08,
何塞・丰特,http://soccer.stats.qq.com/player.htm?type=fajia&t1=38580,187cm,81kg,葡萄牙,1983-12-22,后卫
杰雷米.皮德,http://soccer.stats.qq.com/player.htm?type=fajia&t1=40833,173cm,69kg,法国,1989-02-23,
艾德林诺・耶,http://soccer.stats.qq.com/player.htm?type=fajia&t1=102385,178cm,68kg,几内亚比绍,1994-05-01,
阿达马.索马奥罗,http://soccer.stats.qq.com/player.htm?type=fajia&t1=103155,186cm,93kg,法国,1992-06-18,
迈克・麦尼安,http://soccer.stats.qq.com/player.htm?type=fajia&t1=129487,191cm,89kg,法国,1995-07-03,
切克,http://soccer.stats.qq.com/player.htm?type=fajia&t1=202520,180cm,68kg,塞内加尔,1997-08-08,
孟菲斯.德佩,http://soccer.stats.qq.com/player.htm?type=fajia&t1=106824,176cm,78kg,荷兰,1994-02-13,前锋
伯特兰-特拉奥雷,http://soccer.stats.qq.com/player.htm?type=fajia&t1=110504,181cm,73kg,布基纳法索,1995-09-06,
穆萨-登贝莱,http://soccer.stats.qq.com/player.htm?type=fajia&t1=122399,183cm,73kg,法国,1996-07-12,
麦克斯韦・科内特,http://soccer.stats.qq.com/player.htm?type=fajia&t1=149519,179cm,69kg,法国,1996-09-27,
纳比尔・费基尔,http://soccer.stats.qq.com/player.htm?type=fajia&t1=166552,173cm,72kg,阿尔及利亚,1993-07-18,
热雷米.莫雷尔,http://soccer.stats.qq.com/player.htm?type=fajia&t1=37832,172cm,71kg,法国,1984-04-02,
马波・扬加-姆比瓦,http://soccer.stats.qq.com/player.htm?type=fajia&t1=44488,184cm,77kg,中非,1989-05-15,
马塞洛,http://soccer.stats.qq.com/player.htm?type=fajia&t1=52573,191cm,85kg,巴西,1987-05-25,
拉费尔.达席尔瓦,http://soccer.stats.qq.com/player.htm?type=fajia&t1=54772,172cm,78kg,巴西,1990-07-09,
杰森.德纳耶尔,http://soccer.stats.qq.com/player.htm?type=fajia&t1=160729,184cm,70kg,比利时,1995-06-28,后卫
太特,http://soccer.stats.qq.com/player.htm?type=fajia&t1=167074,180cm,71kg,荷兰,1995-10-09,
尤苏福・科内,http://soccer.stats.qq.com/player.htm?type=fajia&t1=180124,174cm,71kg,马里,1995-07-05,
莱奥・杜波依斯,http://soccer.stats.qq.com/player.htm?type=fajia&t1=183779,178cm,65kg,法国,1994-09-14,
塔塔鲁萨努,http://soccer.stats.qq.com/player.htm?type=fajia&t1=44898,196cm,86kg,罗马尼亚,1986-02-09,门将
安东尼・洛佩斯,http://soccer.stats.qq.com/player.htm?type=fajia&t1=59957,184cm,81kg,法国,1990-10-01,门将
迪米特里.帕耶特,http://soccer.stats.qq.com/player.htm?type=fajia&t1=37901,175cm,77kg,法国,1987-03-29,中场
路易斯.古斯塔沃,http://soccer.stats.qq.com/player.htm?type=fajia&t1=47654,187cm,78kg,巴西,1987-07-23,中场
凯文-斯特鲁特曼,http://soccer.stats.qq.com/player.htm?type=fajia&t1=49887,187cm,78kg,荷兰,1990-02-13,
格雷戈里.塞尔蒂奇,http://soccer.stats.qq.com/player.htm?type=fajia&t1=56995,183cm,76kg,法国,1989-08-05,
弗洛里安・索林,http://soccer.stats.qq.com/player.htm?type=fajia&t1=95434,179cm,70kg,法国,1993-01-26,
摩根・桑森,http://soccer.stats.qq.com/player.htm?type=fajia&t1=122775,180cm,73kg,法国,1994-08-18,
拉多尼奇,http://soccer.stats.qq.com/player.htm?type=fajia&t1=195908,185cm,77kg,塞尔维亚,1996-02-15,
瓦莱里・日耳曼,http://soccer.stats.qq.com/player.htm?type=fajia&t1=97041,180cm,73kg,法国,1990-04-17,
克林顿・穆阿・恩杰,http://soccer.stats.qq.com/player.htm?type=fajia&t1=145212,175cm,68kg,喀麦隆,1993-08-15,
阿迪勒.拉米,http://soccer.stats.qq.com/player.htm?type=fajia&t1=41795,190cm,90kg,法国,1985-12-27,后卫
布纳・萨尔,http://soccer.stats.qq.com/player.htm?type=fajia&t1=102760,177cm,65kg,法国,1992-01-31,
酒井宏树,http://soccer.stats.qq.com/player.htm?type=fajia&t1=109404,183cm,70kg,Japan,1990-04-12,后卫
乔丹・阿马维,http://soccer.stats.qq.com/player.htm?type=fajia&t1=115380,176cm,70kg,法国,1994-03-09,
卡莱塔.卡,http://soccer.stats.qq.com/player.htm?type=fajia&t1=173271,192cm,89kg,克罗地亚,1996-09-17,后卫
约翰.贝利,http://soccer.stats.qq.com/player.htm?type=fajia&t1=37769,196cm,89kg,法国,1982-11-04,
史蒂夫.曼丹达,http://soccer.stats.qq.com/player.htm?type=fajia&t1=44413,185cm,82kg,法国,1985-03-28,门将
雷纳乌.科哈德,http://soccer.stats.qq.com/player.htm?type=fajia&t1=37765,180cm,74kg,法国,1984-09-29,
奥本尼・凯特,http://soccer.stats.qq.com/player.htm?type=fajia&t1=124148,181cm,73kg,Vanuatu,1994-07-08,
M.贾克帕,http://soccer.stats.qq.com/player.htm?type=fajia&t1=202459,182cm,66kg,法国,1993-11-01,
约翰.鲍耶,http://soccer.stats.qq.com/player.htm?type=fajia&t1=68791,185cm,72kg,加纳,1987-04-23,后卫
斯托皮拉・苏恩祖,http://soccer.stats.qq.com/player.htm?type=fajia&t1=80342,189cm,80kg,赞比亚,1989-06-22,
法布雷加斯,http://soccer.stats.qq.com/player.htm?type=fajia&t1=17878,180cm,77kg,西班牙,1987-05-04,中场
纳塞尔・查德利,http://soccer.stats.qq.com/player.htm?type=fajia&t1=54908,189cm,89kg,比利时,1989-08-02,中场
贝利,http://soccer.stats.qq.com/player.htm?type=fajia&t1=59229,182cm,75kg,葡萄牙,1991-09-29,
马尔克斯-洛佩斯,http://soccer.stats.qq.com/player.htm?type=fajia&t1=109653,174cm,68kg,葡萄牙,1995-12-28,
热尔森・马丁斯,http://soccer.stats.qq.com/player.htm?type=fajia&t1=154310,173cm,72kg,葡萄牙,1995-05-11,
阿莱克斯桑德・戈洛文,http://soccer.stats.qq.com/player.htm?type=fajia&t1=161950,180cm,69kg,俄罗斯,1996-05-30,中场
吉恩-阿鲁,http://soccer.stats.qq.com/player.htm?type=fajia&t1=174908,186cm,71kg,法国,1994-03-20,
阿达马・特劳雷,http://soccer.stats.qq.com/player.htm?type=fajia&t1=198065,180cm,72kg,马里,1995-06-28,
法尔考,http://soccer.stats.qq.com/player.htm?type=fajia&t1=48847,177cm,72kg,哥伦比亚,1986-02-10,
斯特凡.约维蒂奇,http://soccer.stats.qq.com/player.htm?type=fajia&t1=50442,183cm,79kg,黑山,1989-11-02,
凯塔,http://soccer.stats.qq.com/player.htm?type=fajia&t1=156708,181cm,80kg,西班牙,1995-03-08,
纳尔多.阿帕雷希多,http://soccer.stats.qq.com/player.htm?type=fajia&t1=20690,198cm,91kg,巴西,1982-09-10,
卡米尔.格利克,http://soccer.stats.qq.com/player.htm?type=fajia&t1=71403,190cm,80kg,波兰,1988-02-03,后卫
吉布里尔・西迪贝,http://soccer.stats.qq.com/player.htm?type=fajia&t1=102747,182cm,71kg,法国,1992-07-29,
亨里希斯,http://soccer.stats.qq.com/player.htm?type=fajia&t1=180167,183cm,79kg,,1997-02-23,
迭戈.贝纳格利奥,http://soccer.stats.qq.com/player.htm?type=fajia&t1=11973,194cm,89kg,瑞士,1983-09-08,门将
丹尼尔・苏巴西奇,http://soccer.stats.qq.com/player.htm?type=fajia&t1=60582,191cm,84kg,克罗地亚,1984-10-27,门将
保罗・纳尔迪,http://soccer.stats.qq.com/player.htm?type=fajia&t1=107098,188cm,77kg,法国,1994-05-18,
赛义德・西,http://soccer.stats.qq.com/player.htm?type=fajia&t1=192291,192cm,80kg,塞内加尔,1995-12-12,
保罗.拉斯内,http://soccer.stats.qq.com/player.htm?type=fajia&t1=72177,186cm,77kg,法国,1989-01-16,
乔丹・费里,http://soccer.stats.qq.com/player.htm?type=fajia&t1=107641,172cm,70kg,法国,1992-03-12,
法昆多 尤里安・皮里兹 冈萨雷斯,http://soccer.stats.qq.com/player.htm?type=fajia&t1=148214,187cm,81kg,,1990-03-27,
艾利耶斯.斯克西里,http://soccer.stats.qq.com/player.htm?type=fajia&t1=195430,185cm,73kg,法国,1995-05-10,
B.布托巴,http://soccer.stats.qq.com/player.htm?type=fajia&t1=199665,172cm,65kg,法国,1998-08-29,
索利马尼.卡马拉,http://soccer.stats.qq.com/player.htm?type=fajia&t1=10955,174cm,75kg,塞内加尔,1982-12-22,
佩塔尔・Skuletic,http://soccer.stats.qq.com/player.htm?type=fajia&t1=68862,192cm,89kg,塞尔维亚,1990-06-29,
安迪.德洛特,http://soccer.stats.qq.com/player.htm?type=fajia&t1=73965,181cm,83kg,法国,1991-10-09,
维托里诺.希尔顿,http://soccer.stats.qq.com/player.htm?type=fajia&t1=28136,180cm,78kg,巴西,1977-09-13,
丹尼尔.康格尔,http://soccer.stats.qq.com/player.htm?type=fajia&t1=38002,185cm,80kg,法国,1985-04-05,
达米安.勒塔勒克,http://soccer.stats.qq.com/player.htm?type=fajia&t1=52782,187cm,80kg,法国,1990-04-19,
佩德罗・门德斯,http://soccer.stats.qq.com/player.htm?type=fajia&t1=106821,186cm,78kg,葡萄牙,1990-10-01,
鲁本・阿圭拉尔,http://soccer.stats.qq.com/player.htm?type=fajia&t1=115327,172cm,71kg,法国,1993-04-26,
布洛斯,http://soccer.stats.qq.com/player.htm?type=fajia&t1=180562,176cm,70kg,喀麦隆,1991-06-22,
本杰明.莱康特,http://soccer.stats.qq.com/player.htm?type=fajia&t1=86873,186cm,78kg,法国,1991-04-26,
亚希恩-艾尔-加纳西,http://soccer.stats.qq.com/player.htm?type=fajia&t1=46345,173cm,73kg,比利时,1990-07-12,
勒内.科尔辛,http://soccer.stats.qq.com/player.htm?type=fajia&t1=60070,189cm,80kg,斯洛文尼亚,1990-05-21,
阿卜杜拉耶・图雷,http://soccer.stats.qq.com/player.htm?type=fajia&t1=158496,186cm,88kg,法国,1994-03-03,
卢卡斯.埃万格里斯塔,http://soccer.stats.qq.com/player.htm?type=fajia&t1=163562,183cm,79kg,巴西,1995-02-06,
卡耶比,http://soccer.stats.qq.com/player.htm?type=fajia&t1=184449,182cm,72kg,比利时,1994-08-08,
瓦伦汀・隆吉尔,http://soccer.stats.qq.com/player.htm?type=fajia&t1=193539,172cm,70kg,法国,1994-12-07,
卡利法・科里巴利,http://soccer.stats.qq.com/player.htm?type=fajia&t1=106320,197cm,84kg,马里,1991-08-21,
法比奥.达席尔瓦,http://soccer.stats.qq.com/player.htm?type=fajia&t1=54771,172cm,65kg,巴西,1990-07-09,
尼古拉.帕洛瓦,http://soccer.stats.qq.com/player.htm?type=fajia&t1=82313,189cm,89kg,法国,1987-09-19,
丹尼斯.阿皮亚,http://soccer.stats.qq.com/player.htm?type=fajia&t1=84424,179cm,68kg,法国,1992-06-09,
A.瓦隆瓦 ,http://soccer.stats.qq.com/player.htm?type=fajia&t1=200722,182cm,81kg,刚果,1993-10-15,
马克西姆・杜普,http://soccer.stats.qq.com/player.htm?type=fajia&t1=97288,186cm,87kg,法国,1993-03-04,
维兰・普利西安,http://soccer.stats.qq.com/player.htm?type=fajia&t1=151873,180cm,75kg,法国,1995-01-28,
阿德里恩・塔梅泽,http://soccer.stats.qq.com/player.htm?type=fajia&t1=152338,180cm,78kg,法国,1994-02-04,
阿兰・圣马克西明,http://soccer.stats.qq.com/player.htm?type=fajia&t1=170137,173cm,67kg,法国,1997-03-12,
丹特.博芬,http://soccer.stats.qq.com/player.htm?type=fajia&t1=26894,188cm,89kg,巴西,1983-10-18,后卫
克里斯托弗・赫莱勒,http://soccer.stats.qq.com/player.htm?type=fajia&t1=113541,188cm,75kg,法国,1992-08-22,
高蒂尔・洛里,http://soccer.stats.qq.com/player.htm?type=fajia&t1=141109,191cm,83kg,法国,1995-07-18,
波斯卡格里,http://soccer.stats.qq.com/player.htm?type=fajia&t1=204120,181cm,68kg,法国,1997-11-18,
穆耶兹・哈桑,http://soccer.stats.qq.com/player.htm?type=fajia&t1=115357,186cm,80kg,法国,1995-03-05,
雅恩-卡汀尼尔,http://soccer.stats.qq.com/player.htm?type=fajia&t1=115851,181cm,84kg,法国,1994-03-27,
皮埃里克・瓦尔迪维亚 ,http://soccer.stats.qq.com/player.htm?type=fajia&t1=51394,185cm,67kg,法国,1988-04-18,
华卓迪莫斯 ,http://soccer.stats.qq.com/player.htm?type=fajia&t1=82642,184cm,74kg,Greece,1991-10-12,
菲利普特奥斯,http://soccer.stats.qq.com/player.htm?type=fajia&t1=150172,170cm,67kg,法国,1988-03-02,
蒂奥卜,http://soccer.stats.qq.com/player.htm?type=fajia&t1=202858,179cm,75kg,法国,1995-06-01,
兰德尔,http://soccer.stats.qq.com/player.htm?type=fajia&t1=92258,182cm,75kg,法国,1992-05-05,
埃里克.乔波-莫廷,http://soccer.stats.qq.com/player.htm?type=fajia&t1=42564,191cm,91kg,喀麦隆,1989-03-23,前锋
安吉尔.迪马里亚,http://soccer.stats.qq.com/player.htm?type=fajia&t1=46497,180cm,75kg,阿根廷,1988-02-14,中场
安德尔.埃雷拉,http://soccer.stats.qq.com/player.htm?type=fajia&t1=59846,182cm,70kg,西班牙,1989-08-14,
马尔科・维拉蒂,http://soccer.stats.qq.com/player.htm?type=fajia&t1=61170,165cm,60kg,意大利,1992-11-05,中场
帕布罗・萨拉比亚,http://soccer.stats.qq.com/player.htm?type=fajia&t1=88484,178cm,70kg,西班牙,1992-05-11,
莱昂德罗・帕雷德斯,http://soccer.stats.qq.com/player.htm?type=fajia&t1=91080,180cm,75kg,阿根廷,1994-06-29,
朱利安.德拉克斯勒,http://soccer.stats.qq.com/player.htm?type=fajia&t1=92985,187cm,72kg,德国,1993-09-20,中场
爱迪生.卡瓦尼,http://soccer.stats.qq.com/player.htm?type=fajia&t1=40720,184cm,71kg,乌拉圭,1987-02-14,前锋
内马尔,http://soccer.stats.qq.com/player.htm?type=fajia&t1=61278,175cm,68kg,巴西,1992-02-05,前锋
赫塞・罗德里格斯,http://soccer.stats.qq.com/player.htm?type=fajia&t1=93127,178cm,72kg,西班牙,1993-02-26,
丹尼尔.阿尔维斯,http://soccer.stats.qq.com/player.htm?type=fajia&t1=15780,172cm,70kg,巴西,1983-05-06,后卫
堤亚戈.席尔瓦,http://soccer.stats.qq.com/player.htm?type=fajia&t1=51090,183cm,79kg,巴西,1984-09-22,后卫
莱文.库尔萨瓦,http://soccer.stats.qq.com/player.htm?type=fajia&t1=89068,182cm,74kg,法国,1992-09-04,
托马斯.穆尼尔,http://soccer.stats.qq.com/player.htm?type=fajia&t1=93605,190cm,88kg,比利时,1991-09-12,后卫
贝尔纳特,http://soccer.stats.qq.com/player.htm?type=fajia&t1=105046,170cm,67kg,西班牙,1993-03-01,
马尔基尼奥斯,http://soccer.stats.qq.com/player.htm?type=fajia&t1=116406,183cm,75kg,巴西,1994-05-14,后卫
普雷斯内尔・金彭贝,http://soccer.stats.qq.com/player.htm?type=fajia&t1=129479,189cm,71kg,法国,1995-08-13,
T.科赫勒,http://soccer.stats.qq.com/player.htm?type=fajia&t1=201057,186cm,76kg,德国,1996-09-21,
凯文.特拉普,http://soccer.stats.qq.com/player.htm?type=fajia&t1=52482,189cm,88kg,德国,1990-07-08,
阿尔方斯.阿雷奥拉,http://soccer.stats.qq.com/player.htm?type=fajia&t1=84182,195cm,88kg,菲律宾,1993-02-27,
布尔卡,http://soccer.stats.qq.com/player.htm?type=fajia&t1=231399,196cm,Unknownkg,,1999-10-04,
雅克.罗马奥,http://soccer.stats.qq.com/player.htm?type=fajia&t1=32367,180cm,74kg,多哥,1984-01-18,
特里斯坦・丁格梅,http://soccer.stats.qq.com/player.htm?type=fajia&t1=107685,174cm,71kg,法国,1991-02-17,
穆萨・敦比亚,http://soccer.stats.qq.com/player.htm?type=fajia&t1=193400,173cm,68kg,,1994-08-15,
沙马勒,http://soccer.stats.qq.com/player.htm?type=fajia&t1=199367,cm,kg,法国,1996-02-22,
石铉俊,http://soccer.stats.qq.com/player.htm?type=fajia&t1=78541,190cm,82kg,韩国,1991-06-29,
凯尔,http://soccer.stats.qq.com/player.htm?type=fajia&t1=196391,187cm,84kg,法国,1995-08-12,
托马斯・方泰,http://soccer.stats.qq.com/player.htm?type=fajia&t1=58875,182cm,73kg,法国,1991-05-08,
卡坎,http://soccer.stats.qq.com/player.htm?type=fajia&t1=103733,178cm,70kg,法国,1992-01-06,
布罗恩.恩格尔斯,http://soccer.stats.qq.com/player.htm?type=fajia&t1=108156,194cm,83kg,比利时,1994-09-15,后卫
克莱门特.格雷尼耶,http://soccer.stats.qq.com/player.htm?type=fajia&t1=55305,186cm,72kg,法国,1991-01-07,前卫
本杰明.安德雷,http://soccer.stats.qq.com/player.htm?type=fajia&t1=55948,180cm,76kg,法国,1990-08-03,
本杰明・布里若,http://soccer.stats.qq.com/player.htm?type=fajia&t1=159967,178cm,68kg,法国,1994-01-14,
阿德里恩・胡努,http://soccer.stats.qq.com/player.htm?type=fajia&t1=161472,176cm,66kg,法国,1994-01-19,
迪亚夫拉・萨科,http://soccer.stats.qq.com/player.htm?type=fajia&t1=73889,184cm,79kg,塞内加尔,1989-12-24,
姆巴耶-尼昂,http://soccer.stats.qq.com/player.htm?type=fajia&t1=96764,184cm,75kg,塞内加尔,1994-12-19,
斯巴特克,http://soccer.stats.qq.com/player.htm?type=fajia&t1=204123,190cm,84kg,法国,1996-04-26,
达米安・达席尔瓦,http://soccer.stats.qq.com/player.htm?type=fajia&t1=44287,184cm,82kg,法国,1988-05-17,
高比克,http://soccer.stats.qq.com/player.htm?type=fajia&t1=94151,197cm,95kg,,1992-08-26,门将
扬・姆维拉,http://soccer.stats.qq.com/player.htm?type=fajia&t1=49396,182cm,80kg,法国,1990-06-29,
瓦比・卡瑞,http://soccer.stats.qq.com/player.htm?type=fajia&t1=60165,176cm,82kg,突尼斯,1991-02-08,
雷米.卡贝拉,http://soccer.stats.qq.com/player.htm?type=fajia&t1=66957,171cm,68kg,法国,1990-03-08,
罗曼.哈莫马,http://soccer.stats.qq.com/player.htm?type=fajia&t1=67276,178cm,76kg,法国,1987-03-29,
A.迪塞尔,http://soccer.stats.qq.com/player.htm?type=fajia&t1=200958,175cm,68kg,塞内加尔,1997-09-20,
凯文.蒙奈,http://soccer.stats.qq.com/player.htm?type=fajia&t1=38261,184cm,81kg,法国,1988-08-19,
弗兰克-何那瑞,http://soccer.stats.qq.com/player.htm?type=fajia&t1=174655,180cm,70kg,法国,1996-08-11,
洛伊克.佩林,http://soccer.stats.qq.com/player.htm?type=fajia&t1=19670,181cm,80kg,法国,1985-08-07,
马蒂乌・德布希,http://soccer.stats.qq.com/player.htm?type=fajia&t1=27334,176cm,76kg,法国,1985-07-28,后卫
加布埃尔・席尔瓦,http://soccer.stats.qq.com/player.htm?type=fajia&t1=100632,179cm,75kg,Brazil,1991-05-13,
杰西.穆林,http://soccer.stats.qq.com/player.htm?type=fajia&t1=37990,185cm,88kg,法国,1986-01-13,
斯蒂法尼.鲁菲尔,http://soccer.stats.qq.com/player.htm?type=fajia&t1=38314,188cm,93kg,法国,1986-09-27,门将
乔纳斯.马丁,http://soccer.stats.qq.com/player.htm?type=fajia&t1=84366,184cm,77kg,法国,1990-04-09,
本杰明.孔戈内特,http://soccer.stats.qq.com/player.htm?type=fajia&t1=86446,180cm,73kg,法国,1987-04-06,
安德鲁.托马森,http://soccer.stats.qq.com/player.htm?type=fajia&t1=115961,177cm,72kg,法国,1993-12-10,
拉明.科内,http://soccer.stats.qq.com/player.htm?type=fajia&t1=45076,189cm,90kg,科特迪瓦,1989-02-01,
莱昂内尔.卡罗尔,http://soccer.stats.qq.com/player.htm?type=fajia&t1=86413,178cm,79kg,法国,1991-04-12,
肯尼.拉拉,http://soccer.stats.qq.com/player.htm?type=fajia&t1=92527,178cm,78kg,法国,1991-10-03,
斯特凡・米特洛维奇,http://soccer.stats.qq.com/player.htm?type=fajia&t1=112945,189cm,84kg,塞尔维亚,1990-05-22,
阿卜杜拉・恩杜尔,http://soccer.stats.qq.com/player.htm?type=fajia&t1=133632,186cm,70kg,塞内加尔,1993-12-20,
邦古,http://soccer.stats.qq.com/player.htm?type=fajia&t1=250510,191cm,Unknownkg,喀麦隆,1998-07-10,
川岛永嗣,http://soccer.stats.qq.com/player.htm?type=fajia&t1=19739,185cm,74kg,日本,1983-03-20,门将
威廉.瓦因奎乌尔,http://soccer.stats.qq.com/player.htm?type=fajia&t1=40815,179cm,73kg,法国,1988-11-19,
约翰.博斯托克,http://soccer.stats.qq.com/player.htm?type=fajia&t1=48897,179cm,75kg,英格兰,1992-01-15,
马蒂厄.多塞维,http://soccer.stats.qq.com/player.htm?type=fajia&t1=49730,172cm,65kg,法国,1988-02-12,
雅安.博蒂格尔,http://soccer.stats.qq.com/player.htm?type=fajia&t1=194302,188cm,80kg,法国,1995-02-09,
马克斯・格拉德尔,http://soccer.stats.qq.com/player.htm?type=fajia&t1=59741,177cm,70kg,科特迪瓦,1987-11-30,
亚亚.萨诺戈,http://soccer.stats.qq.com/player.htm?type=fajia&t1=80711,191cm,74kg,法国,1993-01-27,
科伦丁・吉安,http://soccer.stats.qq.com/player.htm?type=fajia&t1=126177,170cm,65kg,法国,1995-07-15,
库鲁里斯,http://soccer.stats.qq.com/player.htm?type=fajia&t1=179536,184cm,kg,希腊,1996-03-06,
阿隆,http://soccer.stats.qq.com/player.htm?type=fajia&t1=185727,182cm,85kg,刚果,1997-11-15,
斯蒂夫-雅戈,http://soccer.stats.qq.com/player.htm?type=fajia&t1=105706,180cm,77kg,法国,1992-12-16,
史蒂芬・莫雷拉,http://soccer.stats.qq.com/player.htm?type=fajia&t1=141017,178cm,72kg,法国,1994-08-13,
艾萨拉-西拉,http://soccer.stats.qq.com/player.htm?type=fajia&t1=145221,180cm,75kg,几内亚,1994-01-01,
昌子源,http://soccer.stats.qq.com/player.htm?type=fajia&t1=158208,182cm,74kg,日本,1992-12-11,后卫
巴普蒂斯特・雷奈,http://soccer.stats.qq.com/player.htm?type=fajia&t1=93619,185cm,85kg,法国,1990-10-28,
毛罗-戈伊科切亚,http://soccer.stats.qq.com/player.htm?type=fajia&t1=132197,186cm,82kg,乌拉圭,1988-03-27,
