沃卡索,http://soccer.stats.qq.com/player.htm?type=xijia&t1=55179,171cm,72kg,加纳,1990-07-25,
托马斯.皮纳,http://soccer.stats.qq.com/player.htm?type=xijia&t1=80956,184cm,78kg,西班牙,1987-10-14,
托雷斯,http://soccer.stats.qq.com/player.htm?type=xijia&t1=148245,183cm,80kg,,1989-11-15,中场
古德迪,http://soccer.stats.qq.com/player.htm?type=xijia&t1=82970,185cm,80kg,瑞典,1992-04-15,前锋
佩雷斯,http://soccer.stats.qq.com/player.htm?type=xijia&t1=155851,180cm,82kg,西班牙,1988-09-10,
维克多.拉瓜迪亚,http://soccer.stats.qq.com/player.htm?type=xijia&t1=49370,185cm,80kg,西班牙,1989-11-05,
希莫,http://soccer.stats.qq.com/player.htm?type=xijia&t1=90728,176cm,75kg,西班牙,1990-01-23,
埃利,http://soccer.stats.qq.com/player.htm?type=xijia&t1=93421,188cm,83kg,巴西,1993-11-03,
鲁文-杜阿尔特,http://soccer.stats.qq.com/player.htm?type=xijia&t1=126119,180cm,75kg,西班牙,1995-10-18,
吉尔勒莫.马里恩,http://soccer.stats.qq.com/player.htm?type=xijia&t1=155335,193cm,84kg,智利,1994-05-06,
巴艾斯,http://soccer.stats.qq.com/player.htm?type=xijia&t1=170442,192cm,80kg,西班牙,1994-08-10,
阿德里安.马林,http://soccer.stats.qq.com/player.htm?type=xijia&t1=178873,181cm,73kg,西班牙,1997-01-09,
费尔南多-帕切科,http://soccer.stats.qq.com/player.htm?type=xijia&t1=91406,186cm,81kg,西班牙,1992-05-18,
斯维拉-萨尔瓦,http://soccer.stats.qq.com/player.htm?type=xijia&t1=176245,184cm,75kg,西班牙,1996-08-11,
拉乌尔.加西亚,http://soccer.stats.qq.com/player.htm?type=xijia&t1=18498,184cm,83kg,西班牙,1986-07-11,
贝尼亚特,http://soccer.stats.qq.com/player.htm?type=xijia&t1=38394,176cm,75kg,西班牙,1987-02-19,
米克尔.圣何塞,http://soccer.stats.qq.com/player.htm?type=xijia&t1=42995,188cm,78kg,西班牙,1989-05-30,后卫
伊拜・戈麦斯,http://soccer.stats.qq.com/player.htm?type=xijia&t1=84471,177cm,72kg,西班牙,1989-11-11,
丹尼・加西亚,http://soccer.stats.qq.com/player.htm?type=xijia&t1=140264,180cm,81kg,西班牙,1990-05-24,
由奈.洛佩兹,http://soccer.stats.qq.com/player.htm?type=xijia&t1=183462,170cm,68kg,西班牙,1995-10-30,
阿里茨.阿杜里斯,http://soccer.stats.qq.com/player.htm?type=xijia&t1=14464,181cm,77kg,西班牙,1981-02-11,前锋
伊克尔.穆尼亚因,http://soccer.stats.qq.com/player.htm?type=xijia&t1=76012,170cm,65kg,西班牙,1992-12-19,
伊纳基.威廉斯,http://soccer.stats.qq.com/player.htm?type=xijia&t1=197334,186cm,78kg,西班牙,1994-06-15,前锋
尤里,http://soccer.stats.qq.com/player.htm?type=xijia&t1=42670,181cm,79kg,西班牙,1990-02-10,
米克尔.巴伦齐亚加,http://soccer.stats.qq.com/player.htm?type=xijia&t1=56680,177cm,76kg,西班牙,1988-02-29,
奥斯卡.德马科斯,http://soccer.stats.qq.com/player.htm?type=xijia&t1=59062,182cm,77kg,西班牙,1989-04-14,
贝里迪,http://soccer.stats.qq.com/player.htm?type=xijia&t1=90318,182cm,76kg,西班牙,1991-05-17,
安德・卡帕,http://soccer.stats.qq.com/player.htm?type=xijia&t1=140266,175cm,75kg,西班牙,1992-02-08,
埃雷亚因,http://soccer.stats.qq.com/player.htm?type=xijia&t1=89292,187cm,88kg,西班牙,1988-01-25,
科克,http://soccer.stats.qq.com/player.htm?type=xijia&t1=77390,176cm,74kg,西班牙,1992-01-08,中场
比托洛,http://soccer.stats.qq.com/player.htm?type=xijia&t1=86399,185cm,79kg,西班牙,1989-11-02,
萨乌尔-努涅斯,http://soccer.stats.qq.com/player.htm?type=xijia&t1=89335,184cm,77kg,西班牙,1994-11-21,中场
赫克托・埃雷拉,http://soccer.stats.qq.com/player.htm?type=xijia&t1=102578,180cm,74kg,墨西哥,1990-04-19,中场
托马斯-帕尔特伊,http://soccer.stats.qq.com/player.htm?type=xijia&t1=167199,185cm,77kg,加纳,1993-06-13,
托马斯・莱玛,http://soccer.stats.qq.com/player.htm?type=xijia&t1=167449,171cm,62kg,法国,1995-11-12,
马科斯・略伦特,http://soccer.stats.qq.com/player.htm?type=xijia&t1=192364,184cm,73kg,西班牙,1995-01-30,
迭戈.科斯塔,http://soccer.stats.qq.com/player.htm?type=xijia&t1=18507,188cm,86kg,巴西,1988-10-07,前锋
尼古拉.卡利尼奇,http://soccer.stats.qq.com/player.htm?type=xijia&t1=50401,187cm,80kg,克罗地亚,1988-01-05,前锋
莫拉塔,http://soccer.stats.qq.com/player.htm?type=xijia&t1=88482,189cm,85kg,Spain,1992-10-23,前锋
安吉尔・科雷亚,http://soccer.stats.qq.com/player.htm?type=xijia&t1=156223,171cm,68kg,阿根廷,1995-03-09,
费利佩.卡斯米斯基,http://soccer.stats.qq.com/player.htm?type=xijia&t1=18595,182cm,74kg,巴西,1985-08-09,后卫
斯特凡.萨维奇,http://soccer.stats.qq.com/player.htm?type=xijia&t1=65807,187cm,79kg,黑山,1991-01-08,
西梅・弗尔萨里科,http://soccer.stats.qq.com/player.htm?type=xijia&t1=68353,181cm,76kg,克罗地亚,1992-01-10,后卫
圣地亚哥.阿里亚斯,http://soccer.stats.qq.com/player.htm?type=xijia&t1=102383,178cm,72kg,哥伦比亚,1992-01-13,后卫
何塞-马里亚-吉门内斯,http://soccer.stats.qq.com/player.htm?type=xijia&t1=151883,185cm,80kg,乌拉圭,1995-01-20,后卫
安东尼奥.阿丹,http://soccer.stats.qq.com/player.htm?type=xijia&t1=59981,190cm,92kg,西班牙,1987-05-13,
扬・奥布拉克,http://soccer.stats.qq.com/player.htm?type=xijia&t1=81352,188cm,87kg,斯洛文尼亚,1993-01-07,
伊万.拉基蒂奇,http://soccer.stats.qq.com/player.htm?type=xijia&t1=34703,184cm,78kg,克罗地亚,1988-03-10,中场
比达尔,http://soccer.stats.qq.com/player.htm?type=xijia&t1=42565,180cm,75kg,智利,1987-05-22,中场
塞尔吉.布斯克茨,http://soccer.stats.qq.com/player.htm?type=xijia&t1=54104,189cm,76kg,西班牙,1988-07-16,中场
菲利佩.库蒂尼奥,http://soccer.stats.qq.com/player.htm?type=xijia&t1=84583,172cm,68kg,巴西,1992-06-12,中场
拉菲尼亚-阿尔坎塔拉,http://soccer.stats.qq.com/player.htm?type=xijia&t1=92819,174cm,71kg,西班牙,1993-02-12,
卡尔勒斯-阿莱尼亚,http://soccer.stats.qq.com/player.htm?type=xijia&t1=179271,180cm,73kg,,1998-01-05,
莱昂内尔・梅西,http://soccer.stats.qq.com/player.htm?type=xijia&t1=19054,170cm,72kg,阿根廷,1987-06-24,前锋
路易斯.苏亚雷斯,http://soccer.stats.qq.com/player.htm?type=xijia&t1=39336,182cm,86kg,乌拉圭,1987-01-24,前锋
安东尼.格列兹曼,http://soccer.stats.qq.com/player.htm?type=xijia&t1=76650,176cm,73kg,法国,1991-03-21,前锋
奥斯曼.登贝莱,http://soccer.stats.qq.com/player.htm?type=xijia&t1=219438,178cm,67kg,,1997-05-15,
杰拉德.皮克,http://soccer.stats.qq.com/player.htm?type=xijia&t1=18221,194cm,85kg,西班牙,1987-02-02,后卫
约尔迪.阿尔巴,http://soccer.stats.qq.com/player.htm?type=xijia&t1=52356,170cm,68kg,西班牙,1989-03-21,后卫
塞尔吉・罗贝托,http://soccer.stats.qq.com/player.htm?type=xijia&t1=86157,178cm,68kg,Spain,1992-02-07,
乌姆蒂蒂,http://soccer.stats.qq.com/player.htm?type=xijia&t1=88580,182cm,75kg,法国,1993-11-14,后卫
克莱门特.朗格莱,http://soccer.stats.qq.com/player.htm?type=xijia&t1=171101,186cm,81kg,,1995-06-17,
内尔森.塞梅多,http://soccer.stats.qq.com/player.htm?type=xijia&t1=200402,177cm,67kg,,1993-11-16,
诺韦尔托.内托,http://soccer.stats.qq.com/player.htm?type=xijia&t1=69752,190cm,84kg,巴西,1989-07-19,
马克-安德烈.特斯特根,http://soccer.stats.qq.com/player.htm?type=xijia&t1=77318,187cm,85kg,德国,1992-04-30,门将
丹尼斯.苏亚雷斯,http://soccer.stats.qq.com/player.htm?type=xijia&t1=89572,176cm,69kg,西班牙,1994-01-06,中场
斯坦尼斯拉夫・洛博特卡,http://soccer.stats.qq.com/player.htm?type=xijia&t1=101820,170cm,64kg,斯洛伐克,1994-11-25,
约扎巴德,http://soccer.stats.qq.com/player.htm?type=xijia&t1=105064,180cm,65kg,西班牙,1991-03-08,
雅戈・阿斯帕斯,http://soccer.stats.qq.com/player.htm?type=xijia&t1=40270,176cm,67kg,西班牙,1987-08-01,
克劳迪奥・比尤乌,http://soccer.stats.qq.com/player.htm?type=xijia&t1=40809,174cm,66kg,法国,1988-04-16,
莫尔,http://soccer.stats.qq.com/player.htm?type=xijia&t1=220046,169cm,64kg,,1997-07-24,中场
隆卡利亚,http://soccer.stats.qq.com/player.htm?type=xijia&t1=54794,179cm,76kg,阿根廷,1987-02-10,后卫
雨果・马洛,http://soccer.stats.qq.com/player.htm?type=xijia&t1=76508,173cm,69kg,西班牙,1991-06-22,
阿劳,http://soccer.stats.qq.com/player.htm?type=xijia&t1=100868,188cm,87kg,,1991-08-29,后卫
大卫・科斯塔斯,http://soccer.stats.qq.com/player.htm?type=xijia&t1=169205,184cm,71kg,西班牙,1995-03-26,
塞尔吉奥,http://soccer.stats.qq.com/player.htm?type=xijia&t1=38400,180cm,75kg,西班牙,1986-08-03,
鲁本・布兰科,http://soccer.stats.qq.com/player.htm?type=xijia&t1=106539,188cm,70kg,西班牙,1995-07-25,
帕帕考利.迪奥普,http://soccer.stats.qq.com/player.htm?type=xijia&t1=27672,180cm,77kg,塞内加尔,1986-03-19,
佩德罗.桑切斯,http://soccer.stats.qq.com/player.htm?type=xijia&t1=42839,183cm,70kg,西班牙,1986-11-24,
法比安-奥雷利亚纳,http://soccer.stats.qq.com/player.htm?type=xijia&t1=48854,170cm,64kg,智利,1986-01-27,前锋
塞尔经奥.迪亚斯,http://soccer.stats.qq.com/player.htm?type=xijia&t1=83578,183cm,74kg,西班牙,1992-01-23,
巴勃罗.德布拉西斯,http://soccer.stats.qq.com/player.htm?type=xijia&t1=126510,165cm,65kg,阿根廷,1988-02-04,
塞尔吉奥.恩里赫,http://soccer.stats.qq.com/player.htm?type=xijia&t1=80791,181cm,77kg,西班牙,1990-02-26,
查尔斯,http://soccer.stats.qq.com/player.htm?type=xijia&t1=86349,179cm,76kg,巴西,1984-04-04,
伊万.拉米斯,http://soccer.stats.qq.com/player.htm?type=xijia&t1=17906,188cm,82kg,西班牙,1984-10-25,
荷塞.巴尔德斯,http://soccer.stats.qq.com/player.htm?type=xijia&t1=59140,182cm,74kg,西班牙,1989-09-05,
阿比拉,http://soccer.stats.qq.com/player.htm?type=xijia&t1=87026,178cm,76kg,西班牙,1987-05-15,
奥利维拉,http://soccer.stats.qq.com/player.htm?type=xijia&t1=87499,187cm,81kg,葡萄牙,1992-01-08,
佩德罗-比加斯,http://soccer.stats.qq.com/player.htm?type=xijia&t1=91393,181cm,83kg,西班牙,1990-05-15,
罗伯,http://soccer.stats.qq.com/player.htm?type=xijia&t1=109262,182cm,76kg,西班牙,1992-09-20,
泰赫罗,http://soccer.stats.qq.com/player.htm?type=xijia&t1=199244,174cm,69kg,,1996-07-20,
阿谢尔.列斯戈,http://soccer.stats.qq.com/player.htm?type=xijia&t1=17973,185cm,76kg,西班牙,1983-10-06,
尤尔,http://soccer.stats.qq.com/player.htm?type=xijia&t1=76510,186cm,78kg,西班牙,1988-08-28,
埃斯特万.格拉内罗,http://soccer.stats.qq.com/player.htm?type=xijia&t1=46998,180cm,78kg,西班牙,1987-07-02,
维可多.桑切斯,http://soccer.stats.qq.com/player.htm?type=xijia&t1=49267,174cm,72kg,西班牙,1987-09-08,
巴勃罗.皮亚蒂,http://soccer.stats.qq.com/player.htm?type=xijia&t1=51271,163cm,63kg,阿根廷,1989-03-31,
安德尔.伊图拉斯普,http://soccer.stats.qq.com/player.htm?type=xijia&t1=56249,187cm,78kg,西班牙,1989-03-08,中场
武磊,http://soccer.stats.qq.com/player.htm?type=xijia&t1=116730,174cm,66kg,中国,1991-11-19,前锋
塞尔吉・达尔德,http://soccer.stats.qq.com/player.htm?type=xijia&t1=169007,180cm,71kg,西班牙,1993-12-22,
埃尔曼-佩雷斯,http://soccer.stats.qq.com/player.htm?type=xijia&t1=73109,180cm,71kg,巴拉圭,1989-02-25,
伊格莱希亚斯,http://soccer.stats.qq.com/player.htm?type=xijia&t1=202044,187cm,86kg,西班牙,1993-01-17,
大威.洛佩斯,http://soccer.stats.qq.com/player.htm?type=xijia&t1=11129,183cm,81kg,西班牙,1989-10-09,
贝尔纳多,http://soccer.stats.qq.com/player.htm?type=xijia&t1=55317,192cm,86kg,西班牙,1989-07-11,
迪亚克.比拉,http://soccer.stats.qq.com/player.htm?type=xijia&t1=59790,185cm,74kg,西班牙,1989-06-09,
哈为.洛佩斯,http://soccer.stats.qq.com/player.htm?type=xijia&t1=78333,180cm,76kg,西班牙,1986-01-21,
埃迪纳尔多・戈麦斯・佩雷拉,http://soccer.stats.qq.com/player.htm?type=xijia&t1=100692,188cm,80kg,巴西,1988-08-25,
马蒂乌.弗拉米尼,http://soccer.stats.qq.com/player.htm?type=xijia&t1=18155,178cm,67kg,法国,1984-03-07,
马克拉.伯加拉,http://soccer.stats.qq.com/player.htm?type=xijia&t1=20150,180cm,74kg,西班牙,1986-05-05,
弗兰西斯科.索勒,http://soccer.stats.qq.com/player.htm?type=xijia&t1=80795,169cm,60kg,西班牙,1990-06-13,
柴崎岳,http://soccer.stats.qq.com/player.htm?type=xijia&t1=158213,175cm,64kg,日本,1992-05-28,中场
罗伯特・伊瓦涅斯,http://soccer.stats.qq.com/player.htm?type=xijia&t1=168390,175cm,67kg,西班牙,1993-03-22,
埃于・阿雷胡,http://soccer.stats.qq.com/player.htm?type=xijia&t1=179926,184cm,73kg,西班牙,1995-02-10,
拉佐-罗梅罗,http://soccer.stats.qq.com/player.htm?type=xijia&t1=199257,177cm,69kg,,1996-02-16,
莫利纳,http://soccer.stats.qq.com/player.htm?type=xijia&t1=76555,188cm,72kg,西班牙,1982-04-22,
安图雷斯,http://soccer.stats.qq.com/player.htm?type=xijia&t1=39621,176cm,70kg,葡萄牙,1987-04-01,
莱昂德罗-卡布雷拉,http://soccer.stats.qq.com/player.htm?type=xijia&t1=64662,190cm,80kg,乌拉圭,1991-06-17,
劳尔・加西亚・卡内罗,http://soccer.stats.qq.com/player.htm?type=xijia&t1=80908,175cm,72kg,西班牙,1989-04-30,
米格尔,http://soccer.stats.qq.com/player.htm?type=xijia&t1=90801,188cm,82kg,西班牙,1992-09-28,
苏亚雷斯,http://soccer.stats.qq.com/player.htm?type=xijia&t1=99005,172cm,61kg,乌拉圭,1988-04-27,
鲁本.亚涅斯,http://soccer.stats.qq.com/player.htm?type=xijia&t1=110713,190cm,85kg,,1993-10-12,
蒙托罗,http://soccer.stats.qq.com/player.htm?type=xijia&t1=76597,181cm,74kg,西班牙,1988-06-25,
弗兰.里科,http://soccer.stats.qq.com/player.htm?type=xijia&t1=88481,178cm,72kg,西班牙,1987-08-03,
菲德・维科,http://soccer.stats.qq.com/player.htm?type=xijia&t1=93335,181cm,72kg,西班牙,1994-07-04,
巴蒂略,http://soccer.stats.qq.com/player.htm?type=xijia&t1=93338,180cm,63kg,西班牙,1994-09-12,
阿齐兹,http://soccer.stats.qq.com/player.htm?type=xijia&t1=125945,169cm,67kg,尼日利亚,1992-12-12,前卫
拉莫斯,http://soccer.stats.qq.com/player.htm?type=xijia&t1=57254,185cm,75kg,哥伦比亚,1986-01-22,前锋
罗德里戈.里奥斯,http://soccer.stats.qq.com/player.htm?type=xijia&t1=81748,174cm,64kg,西班牙,1990-06-06,
安东尼奥・普埃尔塔斯,http://soccer.stats.qq.com/player.htm?type=xijia&t1=156301,183cm,72kg,西班牙,1992-02-21,
马丁内斯-桑切斯,http://soccer.stats.qq.com/player.htm?type=xijia&t1=89217,176cm,64kg,西班牙,1990-08-12,
奎因,http://soccer.stats.qq.com/player.htm?type=xijia&t1=106671,179cm,70kg,西班牙,1989-09-24,
卢文.佩雷斯,http://soccer.stats.qq.com/player.htm?type=xijia&t1=59945,178cm,73kg,西班牙,1989-04-26,
雷西奥,http://soccer.stats.qq.com/player.htm?type=xijia&t1=91338,183cm,74kg,Spain,1991-01-11,
科内,http://soccer.stats.qq.com/player.htm?type=xijia&t1=107604,176cm,69kg,科特迪瓦,1991-12-25,
胡安.穆诺兹,http://soccer.stats.qq.com/player.htm?type=xijia&t1=195444,185cm,80kg,西班牙,1995-11-12,
季米特里奥斯・西奥瓦斯,http://soccer.stats.qq.com/player.htm?type=xijia&t1=53020,192cm,83kg,Greece,1988-09-16,
布斯丁萨,http://soccer.stats.qq.com/player.htm?type=xijia&t1=112540,175cm,74kg,西班牙,1992-02-02,
席尔瓦,http://soccer.stats.qq.com/player.htm?type=xijia&t1=116132,178cm,72kg,阿根廷,1994-06-29,
伊万.库埃拉尔,http://soccer.stats.qq.com/player.htm?type=xijia&t1=16261,187cm,76kg,西班牙,1984-05-27,
胡安・索里亚诺,http://soccer.stats.qq.com/player.htm?type=xijia&t1=178874,195cm,78kg,,1997-08-23,
谢赫.杜库雷,http://soccer.stats.qq.com/player.htm?type=xijia&t1=78323,180cm,82kg,法国,1992-09-11,
鲁文・罗奇纳・奈赫斯,http://soccer.stats.qq.com/player.htm?type=xijia&t1=86168,182cm,76kg,西班牙,1991-03-23,
何塞・坎帕尼亚,http://soccer.stats.qq.com/player.htm?type=xijia&t1=88952,179cm,70kg,西班牙,1993-05-31,
桑金・普尔西奇,http://soccer.stats.qq.com/player.htm?type=xijia&t1=106551,181cm,73kg,法国,1993-11-20,
何塞・路易斯・莫拉莱斯,http://soccer.stats.qq.com/player.htm?type=xijia&t1=165375,180cm,70kg,西班牙,1987-07-23,
罗赫尔,http://soccer.stats.qq.com/player.htm?type=xijia&t1=109702,179cm,74kg,西班牙,1991-01-03,
爱尔那尼,http://soccer.stats.qq.com/player.htm?type=xijia&t1=160607,180cm,69kg,葡萄牙,1991-08-20,
伊维,http://soccer.stats.qq.com/player.htm?type=xijia&t1=181859,174cm,70kg,西班牙,1994-06-29,
科科-安杜哈尔,http://soccer.stats.qq.com/player.htm?type=xijia&t1=55268,182cm,78kg,西班牙,1987-04-26,
托诺,http://soccer.stats.qq.com/player.htm?type=xijia&t1=77039,179cm,69kg,西班牙,1989-11-07,
安通尼奥.罗德里格斯,http://soccer.stats.qq.com/player.htm?type=xijia&t1=83564,178cm,68kg,西班牙,1991-03-17,
波斯蒂戈,http://soccer.stats.qq.com/player.htm?type=xijia&t1=90400,184cm,78kg,西班牙,1988-11-04,
伊万-洛佩斯,http://soccer.stats.qq.com/player.htm?type=xijia&t1=105525,175cm,69kg,西班牙,1993-08-23,
卡洛斯-克莱尔,http://soccer.stats.qq.com/player.htm?type=xijia&t1=108145,182cm,72kg,西班牙,1992-02-21,
鲁本-维佐,http://soccer.stats.qq.com/player.htm?type=xijia&t1=116206,182cm,80kg,葡萄牙,1994-04-25,
奥耶尔,http://soccer.stats.qq.com/player.htm?type=xijia&t1=49442,190cm,86kg,西班牙,1989-09-14,
埃托尔.费尔南德斯,http://soccer.stats.qq.com/player.htm?type=xijia&t1=80993,182cm,78kg,西班牙,1991-05-03,
塞维利亚,http://soccer.stats.qq.com/player.htm?type=xijia&t1=55354,178cm,71kg,西班牙,1984-03-18,
巴勃罗・查瓦里亚,http://soccer.stats.qq.com/player.htm?type=xijia&t1=85659,185cm,80kg,阿根廷,1988-01-02,
阿布当-普拉茨,http://soccer.stats.qq.com/player.htm?type=xijia&t1=92187,181cm,79kg,西班牙,1992-12-17,
塞尔吉奥.布埃纳卡萨,http://soccer.stats.qq.com/player.htm?type=xijia&t1=193511,182cm,kg,西班牙,1996-04-19,
萨尔瓦-鲁伊斯,http://soccer.stats.qq.com/player.htm?type=xijia&t1=147263,176cm,68kg,西班牙,1995-05-17,
弗兰.梅里达,http://soccer.stats.qq.com/player.htm?type=xijia&t1=38519,177cm,74kg,西班牙,1990-03-04,
伊尼戈.佩雷斯,http://soccer.stats.qq.com/player.htm?type=xijia&t1=78874,178cm,74kg,西班牙,1988-01-18,
罗伯特-托雷斯,http://soccer.stats.qq.com/player.htm?type=xijia&t1=90402,178cm,72kg,西班牙,1989-03-07,
鲁文-加西亚,http://soccer.stats.qq.com/player.htm?type=xijia&t1=130026,171cm,72kg,西班牙,1993-07-14,
希斯科.纳达尔,http://soccer.stats.qq.com/player.htm?type=xijia&t1=20085,188cm,86kg,西班牙,1986-06-26,
布兰东,http://soccer.stats.qq.com/player.htm?type=xijia&t1=141115,173cm,71kg,西班牙,1995-02-04,
卡斯特拉诺,http://soccer.stats.qq.com/player.htm?type=xijia&t1=51949,176cm,70kg,西班牙,1989-03-27,
奥耶.圣胡尔霍,http://soccer.stats.qq.com/player.htm?type=xijia&t1=56916,178cm,72kg,西班牙,1986-05-25,
乌纳-加西亚,http://soccer.stats.qq.com/player.htm?type=xijia&t1=163711,182cm,76kg,西班牙,1992-02-03,
鲁本.马丁内斯,http://soccer.stats.qq.com/player.htm?type=xijia&t1=71679,188cm,79kg,西班牙,1984-06-22,
华金.桑切斯,http://soccer.stats.qq.com/player.htm?type=xijia&t1=10316,179cm,75kg,西班牙,1981-07-21,
弗兰西斯科・贾维尔・加西亚・费尔南德斯,http://soccer.stats.qq.com/player.htm?type=xijia&t1=19534,187cm,82kg,西班牙,1987-02-08,
何塞.瓜尔达多,http://soccer.stats.qq.com/player.htm?type=xijia&t1=37064,169cm,60kg,墨西哥,1986-09-28,中场
里亚德.鲍德鲍斯,http://soccer.stats.qq.com/player.htm?type=xijia&t1=55264,177cm,70kg,阿尔及利亚,1990-02-19,中场
塞尔吉奥.卡纳莱斯,http://soccer.stats.qq.com/player.htm?type=xijia&t1=56448,176cm,65kg,西班牙,1991-02-16,
达科.布拉萨纳奇,http://soccer.stats.qq.com/player.htm?type=xijia&t1=84700,178cm,73kg,塞尔维亚,1992-02-12,
卡瓦略,http://soccer.stats.qq.com/player.htm?type=xijia&t1=96122,187cm,79kg,葡萄牙,1992-04-07,中场
乾贵士,http://soccer.stats.qq.com/player.htm?type=xijia&t1=103263,169cm,59kg,日本,1988-06-02,中场
维克多・卡马拉萨,http://soccer.stats.qq.com/player.htm?type=xijia&t1=175946,183cm,76kg,西班牙,1994-05-28,
胡安.吉梅内斯,http://soccer.stats.qq.com/player.htm?type=xijia&t1=80287,172cm,69kg,西班牙,1993-05-20,
特略,http://soccer.stats.qq.com/player.htm?type=xijia&t1=86169,178cm,65kg,西班牙,1991-08-11,
巴拉甘　,http://soccer.stats.qq.com/player.htm?type=xijia&t1=20399,182cm,76kg,西班牙,1987-06-12,
西德内.雷歇尔,http://soccer.stats.qq.com/player.htm?type=xijia&t1=53142,185cm,80kg,巴西,1989-08-23,
马克・巴尔特拉,http://soccer.stats.qq.com/player.htm?type=xijia&t1=81138,181cm,70kg,西班牙,1991-01-15,后卫
艾萨・曼迪,http://soccer.stats.qq.com/player.htm?type=xijia&t1=86813,184cm,78kg,法国,1991-10-22,后卫
祖,http://soccer.stats.qq.com/player.htm?type=xijia&t1=89747,192cm,83kg,西班牙,1989-12-23,
卢卡.莫德里奇,http://soccer.stats.qq.com/player.htm?type=xijia&t1=37055,172cm,66kg,克罗地亚,1985-09-09,中场
托尼・克罗斯,http://soccer.stats.qq.com/player.htm?type=xijia&t1=44989,183cm,76kg,德国,1990-01-04,中场
詹姆斯.罗德里格斯,http://soccer.stats.qq.com/player.htm?type=xijia&t1=60025,181cm,78kg,哥伦比亚,1991-07-12,中场
卡塞米罗,http://soccer.stats.qq.com/player.htm?type=xijia&t1=61256,185cm,84kg,巴西,1992-02-23,中场
伊斯科,http://soccer.stats.qq.com/player.htm?type=xijia&t1=80209,176cm,79kg,西班牙,1992-04-21,中场
卢卡斯.巴斯克斯,http://soccer.stats.qq.com/player.htm?type=xijia&t1=107593,173cm,70kg,西班牙,1991-07-01,中场
卢卡斯-席尔瓦,http://soccer.stats.qq.com/player.htm?type=xijia&t1=120536,182cm,80kg,巴西,1993-02-16,
布拉希姆.迪亚兹,http://soccer.stats.qq.com/player.htm?type=xijia&t1=216183,170cm,68kg,,1999-08-03,
卡里姆.本泽马,http://soccer.stats.qq.com/player.htm?type=xijia&t1=19927,185cm,81kg,法国,1987-12-19,前锋
加雷斯・贝尔,http://soccer.stats.qq.com/player.htm?type=xijia&t1=36903,185cm,81kg,威尔士,1989-07-16,前锋
埃登.阿扎尔,http://soccer.stats.qq.com/player.htm?type=xijia&t1=42786,173cm,76kg,比利时,1991-01-07,中场
马约拉尔-莫亚,http://soccer.stats.qq.com/player.htm?type=xijia&t1=199248,182cm,74kg,,1997-04-05,
塞尔吉奥.拉莫斯,http://soccer.stats.qq.com/player.htm?type=xijia&t1=17861,184cm,82kg,西班牙,1986-03-30,后卫
马塞洛.维耶拉,http://soccer.stats.qq.com/player.htm?type=xijia&t1=39563,174cm,80kg,巴西,1988-05-12,后卫
纳乔・费尔南德斯,http://soccer.stats.qq.com/player.htm?type=xijia&t1=88477,180cm,76kg,西班牙,1990-01-18,
卡瓦哈尔,http://soccer.stats.qq.com/player.htm?type=xijia&t1=88483,173cm,73kg,西班牙,1992-01-11,后卫
拉斐尔.瓦拉内,http://soccer.stats.qq.com/player.htm?type=xijia&t1=90152,191cm,81kg,法国,1993-04-25,后卫
瓦列霍,http://soccer.stats.qq.com/player.htm?type=xijia&t1=178876,184cm,79kg,,1997-01-05,
凯勒・纳瓦斯 ,http://soccer.stats.qq.com/player.htm?type=xijia&t1=28411,185cm,79kg,哥斯达黎加,1986-12-15,门将
库尔图瓦,http://soccer.stats.qq.com/player.htm?type=xijia&t1=60772,199cm,96kg,比利时,1992-05-11,门将
戴维.苏鲁图萨,http://soccer.stats.qq.com/player.htm?type=xijia&t1=54371,186cm,79kg,法国,1986-07-19,
阿西尔.伊利亚拉门迪,http://soccer.stats.qq.com/player.htm?type=xijia&t1=84086,179cm,75kg,西班牙,1990-03-08,
门萨内拉,http://soccer.stats.qq.com/player.htm?type=xijia&t1=88550,178cm,70kg,Spain,1992-05-21,
古铁雷斯,http://soccer.stats.qq.com/player.htm?type=xijia&t1=90328,181cm,69kg,西班牙,1992-10-22,
阿德南・贾努扎伊,http://soccer.stats.qq.com/player.htm?type=xijia&t1=154976,186cm,76kg,比利时,1995-02-05,中场
莫雷诺,http://soccer.stats.qq.com/player.htm?type=xijia&t1=49656,183cm,76kg,墨西哥,1988-01-17,后卫
劳尔・纳瓦斯,http://soccer.stats.qq.com/player.htm?type=xijia&t1=61814,186cm,84kg,西班牙,1988-05-11,
Zaldúa,http://soccer.stats.qq.com/player.htm?type=xijia&t1=98821,176cm,70kg,Spain,1992-06-24,
凯文・罗德里格斯,http://soccer.stats.qq.com/player.htm?type=xijia&t1=116626,170cm,70kg,法国,1994-03-05,
迭戈-洛伦特,http://soccer.stats.qq.com/player.htm?type=xijia&t1=149915,186cm,75kg,西班牙,1993-08-16,后卫
阿特里斯,http://soccer.stats.qq.com/player.htm?type=xijia&t1=200957,180cm,71kg,西班牙,1994-03-28,
米克尔.莫亚,http://soccer.stats.qq.com/player.htm?type=xijia&t1=16872,188cm,83kg,西班牙,1984-04-02,
杰罗尼莫・鲁里,http://soccer.stats.qq.com/player.htm?type=xijia&t1=106921,189cm,84kg,阿根廷,1992-05-20,
米歇尔.耶罗,http://soccer.stats.qq.com/player.htm?type=xijia&t1=58876,182cm,68kg,西班牙,1988-07-29,
路易斯米,http://soccer.stats.qq.com/player.htm?type=xijia&t1=105093,180cm,73kg,西班牙,1992-05-05,
巴勃罗-赫瓦斯,http://soccer.stats.qq.com/player.htm?type=xijia&t1=143622,174cm,68kg,西班牙,1993-03-08,
桑德罗・拉米雷斯,http://soccer.stats.qq.com/player.htm?type=xijia&t1=108438,175cm,71kg,西班牙,1995-07-09,
基科,http://soccer.stats.qq.com/player.htm?type=xijia&t1=58819,184cm,76kg,西班牙,1988-08-21,
纳乔-马丁内斯,http://soccer.stats.qq.com/player.htm?type=xijia&t1=90394,174cm,63kg,西班牙,1989-03-07,
费德里科・巴尔巴,http://soccer.stats.qq.com/player.htm?type=xijia&t1=127122,185cm,77kg,意大利,1993-09-01,
赫苏斯.纳瓦斯,http://soccer.stats.qq.com/player.htm?type=xijia&t1=17740,172cm,60kg,西班牙,1985-11-21,中场
哈维尔.巴内加,http://soccer.stats.qq.com/player.htm?type=xijia&t1=49309,174cm,71kg,阿根廷,1988-06-29,中场
巴斯克斯,http://soccer.stats.qq.com/player.htm?type=xijia&t1=100731,187cm,82kg,阿根廷,1989-02-22,
卢卡斯・奥坎波斯,http://soccer.stats.qq.com/player.htm?type=xijia&t1=121117,187cm,84kg,阿根廷,1994-07-11,
伊布拉西姆・阿马多,http://soccer.stats.qq.com/player.htm?type=xijia&t1=128348,183cm,81kg,法国,1993-04-06,
若安.乔丹,http://soccer.stats.qq.com/player.htm?type=xijia&t1=195364,184cm,74kg,西班牙,1994-07-06,
卢克.德容,http://soccer.stats.qq.com/player.htm?type=xijia&t1=53041,188cm,86kg,瑞士,1990-08-27,
维萨姆.本耶德尔,http://soccer.stats.qq.com/player.htm?type=xijia&t1=83912,170cm,68kg,法国,1990-08-12,
诺利托,http://soccer.stats.qq.com/player.htm?type=xijia&t1=86173,175cm,65kg,西班牙,1986-10-15,前锋
穆尼尔・埃尔- 哈达迪,http://soccer.stats.qq.com/player.htm?type=xijia&t1=170864,175cm,69kg,西班牙,1995-09-01,
丹尼尔-卡里索,http://soccer.stats.qq.com/player.htm?type=xijia&t1=46479,180cm,79kg,葡萄牙,1988-08-04,
西蒙.克亚尔,http://soccer.stats.qq.com/player.htm?type=xijia&t1=48714,191cm,82kg,丹麦,1989-03-26,
塞巴斯蒂安-科尔夏,http://soccer.stats.qq.com/player.htm?type=xijia&t1=60121,176cm,69kg,法国,1990-11-01,
塞尔吉奥.埃斯库德罗,http://soccer.stats.qq.com/player.htm?type=xijia&t1=62991,176cm,65kg,西班牙,1989-09-02,
阿莱克西斯-比达尔,http://soccer.stats.qq.com/player.htm?type=xijia&t1=79627,177cm,70kg,西班牙,1989-08-21,
塞尔吉-戈麦斯,http://soccer.stats.qq.com/player.htm?type=xijia&t1=86151,185cm,80kg,西班牙,1992-03-28,
迭戈.卡洛斯,http://soccer.stats.qq.com/player.htm?type=xijia&t1=165659,185cm,79kg,巴西,1993-03-15,
瓦茨利克,http://soccer.stats.qq.com/player.htm?type=xijia&t1=51945,188cm,85kg,捷克,1989-03-29,门将
塞尔吉奥-里科,http://soccer.stats.qq.com/player.htm?type=xijia&t1=94248,194cm,90kg,西班牙,1993-09-01,门将
丹尼尔.帕雷霍,http://soccer.stats.qq.com/player.htm?type=xijia&t1=51952,182cm,74kg,西班牙,1989-04-16,
丹尼尔.瓦斯,http://soccer.stats.qq.com/player.htm?type=xijia&t1=56624,181cm,74kg,丹麦,1989-05-31,
弗朗西斯.科奎林,http://soccer.stats.qq.com/player.htm?type=xijia&t1=56864,176cm,74kg,法国,1991-05-13,
孔多比亚,http://soccer.stats.qq.com/player.htm?type=xijia&t1=88754,188cm,80kg,法国,1993-02-15,
阿尔瓦罗・尼克安,http://soccer.stats.qq.com/player.htm?type=xijia&t1=165796,176cm,71kg,西班牙,1994-03-15,
古埃德斯,http://soccer.stats.qq.com/player.htm?type=xijia&t1=181284,179cm,68kg,葡萄牙,1996-11-29,
德帕雷哈,http://soccer.stats.qq.com/player.htm?type=xijia&t1=220242,170cm,69kg,,1995-09-09,
凯文.加梅罗,http://soccer.stats.qq.com/player.htm?type=xijia&t1=42779,172cm,70kg,法国,1987-05-09,
罗德里.马沙多,http://soccer.stats.qq.com/player.htm?type=xijia&t1=80954,182cm,77kg,西班牙,1991-03-06,
鲁本・索夫里诺,http://soccer.stats.qq.com/player.htm?type=xijia&t1=112994,185cm,73kg,西班牙,1992-06-01,
桑蒂-米纳,http://soccer.stats.qq.com/player.htm?type=xijia&t1=150360,181cm,77kg,西班牙,1995-12-07,
杰森・雷梅塞罗・萨尔古埃罗,http://soccer.stats.qq.com/player.htm?type=xijia&t1=163784,178cm,65kg,西班牙,1994-07-06,
伊泽基埃尔.加拉伊,http://soccer.stats.qq.com/player.htm?type=xijia&t1=28525,189cm,90kg,阿根廷,1986-10-10,后卫
皮奇尼,http://soccer.stats.qq.com/player.htm?type=xijia&t1=92055,183cm,77kg,意大利,1992-09-26,
姆利罗,http://soccer.stats.qq.com/player.htm?type=xijia&t1=107117,182cm,78kg,哥伦比亚,1992-05-27,后卫
戈雅,http://soccer.stats.qq.com/player.htm?type=xijia&t1=132105,172cm,66kg,Spain,1995-05-25,
加布里埃尔・保利斯塔,http://soccer.stats.qq.com/player.htm?type=xijia&t1=158074,185cm,72kg,巴西,1990-11-26,
贾斯珀・西莱森 ,http://soccer.stats.qq.com/player.htm?type=xijia&t1=72162,185cm,83kg,荷兰,1989-04-22,门将
多米尼克-桑切斯,http://soccer.stats.qq.com/player.htm?type=xijia&t1=116732,185cm,73kg,西班牙,1990-11-05,
桑蒂.卡索拉,http://soccer.stats.qq.com/player.htm?type=xijia&t1=19524,168cm,65kg,西班牙,1984-12-13,前卫
布鲁诺.索里亚诺,http://soccer.stats.qq.com/player.htm?type=xijia&t1=39817,184cm,73kg,西班牙,1984-06-12,中场
阿尔弗雷德.恩迪亚耶,http://soccer.stats.qq.com/player.htm?type=xijia&t1=49688,187cm,82kg,法国,1990-03-06,
文森特.伊沃拉,http://soccer.stats.qq.com/player.htm?type=xijia&t1=54513,190cm,91kg,西班牙,1988-01-16,
切里舍夫,http://soccer.stats.qq.com/player.htm?type=xijia&t1=88489,179cm,74kg,俄罗斯,1990-12-26,
特里古罗斯,http://soccer.stats.qq.com/player.htm?type=xijia&t1=98961,178cm,75kg,西班牙,1991-10-17,
鲁本-佩纳,http://soccer.stats.qq.com/player.htm?type=xijia&t1=126290,170cm,65kg,西班牙,1991-07-18,
杰拉德・莫雷诺,http://soccer.stats.qq.com/player.htm?type=xijia&t1=93721,180cm,77kg,西班牙,1992-04-07,
卡洛斯-巴卡,http://soccer.stats.qq.com/player.htm?type=xijia&t1=111274,181cm,77kg,哥伦比亚,1986-09-08,前锋
卡尔.埃坎比,http://soccer.stats.qq.com/player.htm?type=xijia&t1=193454,185cm,74kg,喀麦隆,1992-09-14,
丹尼尔.博内拉,http://soccer.stats.qq.com/player.htm?type=xijia&t1=7261,183cm,84kg,意大利,1981-05-31,
劳尔.阿尔维奥尔,http://soccer.stats.qq.com/player.htm?type=xijia&t1=18003,190cm,82kg,西班牙,1985-09-04,后卫
维克托.鲁伊斯,http://soccer.stats.qq.com/player.htm?type=xijia&t1=51948,185cm,78kg,西班牙,1989-01-25,
若米-科斯塔,http://soccer.stats.qq.com/player.htm?type=xijia&t1=58792,171cm,62kg,西班牙,1988-03-18,
马里奥.加斯珀,http://soccer.stats.qq.com/player.htm?type=xijia&t1=76610,182cm,74kg,西班牙,1990-11-24,
阿尔瓦罗,http://soccer.stats.qq.com/player.htm?type=xijia&t1=96084,183cm,75kg,西班牙,1990-01-08,
阿尔贝托.莫雷诺,http://soccer.stats.qq.com/player.htm?type=xijia&t1=100059,171cm,65kg,西班牙,1992-07-05,后卫
福内斯-莫里,http://soccer.stats.qq.com/player.htm?type=xijia&t1=121221,186cm,79kg,,1991-03-05,后卫
马里亚诺・巴博萨,http://soccer.stats.qq.com/player.htm?type=xijia&t1=20694,188cm,79kg,阿根廷,1984-07-27,
塞尔吉奥.阿森霍,http://soccer.stats.qq.com/player.htm?type=xijia&t1=48772,189cm,87kg,西班牙,1989-06-28,门将
费尔南德斯,http://soccer.stats.qq.com/player.htm?type=xijia&t1=51792,187cm,82kg,西班牙,1986-12-17,
