梅苏特.厄齐尔,http://soccer.stats.qq.com/player.htm?type=yingchao&t1=37605,180cm,76kg,德国,1988-10-15,中场
亨里克.姆希塔良,http://soccer.stats.qq.com/player.htm?type=yingchao&t1=57249,177cm,75kg,亚美尼亚,1989-01-21,
格拉尼特.扎卡,http://soccer.stats.qq.com/player.htm?type=yingchao&t1=84450,185cm,82kg,瑞士,1992-09-27,中场
阿莱克斯-伊沃比,http://soccer.stats.qq.com/player.htm?type=yingchao&t1=153133,180cm,75kg,英格兰,1996-05-03,
默罕默德・埃尔内尼,http://soccer.stats.qq.com/player.htm?type=yingchao&t1=153256,180cm,73kg,埃及,1992-07-11,
艾斯利・梅特兰-尼尔斯,http://soccer.stats.qq.com/player.htm?type=yingchao&t1=154043,177cm,71kg,英格兰,1997-08-29,
乔.威尔洛克,http://soccer.stats.qq.com/player.htm?type=yingchao&t1=200089,179cm,71kg,,1999-08-20,
皮埃尔.奥巴梅扬,http://soccer.stats.qq.com/player.htm?type=yingchao&t1=54694,187cm,80kg,加蓬,1989-06-18,
亚历山大.拉卡泽特,http://soccer.stats.qq.com/player.htm?type=yingchao&t1=59966,175cm,73kg,法国,1991-05-28,
恩凯蒂亚,http://soccer.stats.qq.com/player.htm?type=yingchao&t1=205533,175cm,72kg,,1999-05-30,
纳乔.蒙里亚尔,http://soccer.stats.qq.com/player.htm?type=yingchao&t1=38411,179cm,72kg,西班牙,1986-02-26,后卫
苏格拉底.帕帕斯塔佐保罗斯,http://soccer.stats.qq.com/player.htm?type=yingchao&t1=39476,186cm,85kg,希腊,1988-06-09,后卫
劳伦特.科斯切尔尼,http://soccer.stats.qq.com/player.htm?type=yingchao&t1=51507,186cm,75kg,法国,1985-09-10,后卫
穆斯塔菲,http://soccer.stats.qq.com/player.htm?type=yingchao&t1=69140,184cm,82kg,德国,1992-04-17,后卫
卡尔・詹金森,http://soccer.stats.qq.com/player.htm?type=yingchao&t1=80254,185cm,77kg,芬兰,1992-02-08,
贝莱林,http://soccer.stats.qq.com/player.htm?type=yingchao&t1=98745,178cm,74kg,Spain,1995-03-19,后卫
卡鲁姆・钱伯斯,http://soccer.stats.qq.com/player.htm?type=yingchao&t1=101184,182cm,66kg,英格兰,1995-01-20,
塞亚德・科拉希纳茨,http://soccer.stats.qq.com/player.htm?type=yingchao&t1=111457,183cm,85kg,德国,1993-06-20,后卫
罗伯-霍尔丁,http://soccer.stats.qq.com/player.htm?type=yingchao&t1=156074,189cm,75kg,,1995-09-20,
贝恩德・莱诺,http://soccer.stats.qq.com/player.htm?type=yingchao&t1=80201,190cm,83kg,德国,1992-03-04,门将
马丁斯,http://soccer.stats.qq.com/player.htm?type=yingchao&t1=98980,195cm,88kg,阿根廷,1992-09-02,
伊利耶夫,http://soccer.stats.qq.com/player.htm?type=yingchao&t1=153122,195cm,87kg,马其顿,1995-02-25,
比亚尔纳松,http://soccer.stats.qq.com/player.htm?type=yingchao&t1=27770,182cm,75kg,Iceland,1988-05-27,中场
兰斯布里 ,http://soccer.stats.qq.com/player.htm?type=yingchao&t1=40564,183cm,85kg,英格兰,1990-10-12,
霍塔,http://soccer.stats.qq.com/player.htm?type=yingchao&t1=89274,180cm,70kg,西班牙,1991-06-16,
杰克-格里利什,http://soccer.stats.qq.com/player.htm?type=yingchao&t1=114283,178cm,68kg,爱尔兰,1995-09-10,
加齐,http://soccer.stats.qq.com/player.htm?type=yingchao&t1=193488,189cm,90kg,荷兰,1995-05-03,
艾哈迈德.穆罕迈迪,http://soccer.stats.qq.com/player.htm?type=yingchao&t1=37339,183cm,75kg,埃及,1987-09-09,
詹姆斯-切斯特,http://soccer.stats.qq.com/player.htm?type=yingchao&t1=43252,177cm,75kg,英格兰,1989-01-23,后卫
泰勒,http://soccer.stats.qq.com/player.htm?type=yingchao&t1=47390,175cm,65kg,威尔士,1989-02-07,后卫
泰隆-明斯,http://soccer.stats.qq.com/player.htm?type=yingchao&t1=149484,191cm,77kg,England,1993-03-13,
马特・塔盖特,http://soccer.stats.qq.com/player.htm?type=yingchao&t1=169359,183cm,70kg,英格兰,1995-09-18,
弗雷德里克,http://soccer.stats.qq.com/player.htm?type=yingchao&t1=203368,178cm,70kg,法国,1994-12-24,
杰德-斯蒂尔,http://soccer.stats.qq.com/player.htm?type=yingchao&t1=79852,188cm,89kg,英格兰,1992-09-23,
卡利尼奇,http://soccer.stats.qq.com/player.htm?type=yingchao&t1=88175,201cm,96kg,,1990-04-03,门将
安德鲁.瑟尔曼,http://soccer.stats.qq.com/player.htm?type=yingchao&t1=15237,178cm,73kg,英格兰,1986-08-20,
丹.戈斯林,http://soccer.stats.qq.com/player.htm?type=yingchao&t1=40387,183cm,79kg,英格兰,1990-02-01,
哈里-阿特尔,http://soccer.stats.qq.com/player.htm?type=yingchao&t1=48615,176cm,70kg,Republic of Ireland,1989-12-28,中场
儒尼奥尔.斯坦尼斯拉斯,http://soccer.stats.qq.com/player.htm?type=yingchao&t1=56872,183cm,76kg,英格兰,1989-11-26,
乔丹-伊比,http://soccer.stats.qq.com/player.htm?type=yingchao&t1=103912,176cm,81kg,英格兰,1995-12-08,
卡勒姆-威尔逊,http://soccer.stats.qq.com/player.htm?type=yingchao&t1=75115,180cm,66kg,England,1992-02-27,
金,http://soccer.stats.qq.com/player.htm?type=yingchao&t1=78007,180cm,74kg,挪威,1992-01-15,
多米尼克・索兰克,http://soccer.stats.qq.com/player.htm?type=yingchao&t1=154566,187cm,80kg,英格兰,1997-09-14,
西蒙-弗朗西斯,http://soccer.stats.qq.com/player.htm?type=yingchao&t1=15149,183cm,90kg,England,1985-02-16,
查理・丹尼尔斯,http://soccer.stats.qq.com/player.htm?type=yingchao&t1=41320,178cm,75kg,England,1986-09-07,
斯密斯,http://soccer.stats.qq.com/player.htm?type=yingchao&t1=54469,180cm,78kg,England,1991-04-29,
斯蒂芬-库克,http://soccer.stats.qq.com/player.htm?type=yingchao&t1=56917,185cm,82kg,England,1991-04-19,
布拉德-史密斯,http://soccer.stats.qq.com/player.htm?type=yingchao&t1=120447,178cm,70kg,英格兰,1994-04-09,
纳坦-阿克,http://soccer.stats.qq.com/player.htm?type=yingchao&t1=126184,180cm,75kg,英格兰,1995-02-18,
阿图尔.博鲁茨,http://soccer.stats.qq.com/player.htm?type=yingchao&t1=18726,193cm,87kg,波兰,1980-02-20,门将
阿斯米尔.贝戈维奇,http://soccer.stats.qq.com/player.htm?type=yingchao&t1=40349,199cm,101kg,波黑,1987-06-20,门将
卡亚尔,http://soccer.stats.qq.com/player.htm?type=yingchao&t1=38490,178cm,74kg,Israel,1988-05-02,
普罗珀,http://soccer.stats.qq.com/player.htm?type=yingchao&t1=66242,185cm,79kg,,1991-09-02,
安东尼・科诺凯特,http://soccer.stats.qq.com/player.htm?type=yingchao&t1=83543,172cm,69kg,法国,1991-11-20,
格伦-穆雷,http://soccer.stats.qq.com/player.htm?type=yingchao&t1=20529,183cm,80kg,英格兰,1983-09-25,
赫梅德,http://soccer.stats.qq.com/player.htm?type=yingchao&t1=38499,186cm,80kg,以色列,1987-05-02,
弗洛林・安东尼,http://soccer.stats.qq.com/player.htm?type=yingchao&t1=93284,180cm,78kg,罗马尼亚,1993-04-11,前锋
尤尔根.洛卡迪亚,http://soccer.stats.qq.com/player.htm?type=yingchao&t1=106757,185cm,87kg,荷兰,1993-11-07,
阿里雷扎.贾汉巴赫什,http://soccer.stats.qq.com/player.htm?type=yingchao&t1=165210,180cm,76kg,伊朗,1993-08-11,中场
盖坦.邦,http://soccer.stats.qq.com/player.htm?type=yingchao&t1=42748,187cm,74kg,喀麦隆,1988-04-25,后卫
马库斯・萨特纳,http://soccer.stats.qq.com/player.htm?type=yingchao&t1=43808,179cm,73kg,奥地利,1987-04-16,后卫
莱昂.巴洛贡,http://soccer.stats.qq.com/player.htm?type=yingchao&t1=52484,190cm,88kg,尼日利亚,1988-06-28,
沙恩.达菲,http://soccer.stats.qq.com/player.htm?type=yingchao&t1=61933,193cm,76kg,北爱尔兰,1992-01-01,后卫
马蒂亚斯.谢洛托,http://soccer.stats.qq.com/player.htm?type=yingchao&t1=74375,187cm,77kg,阿根廷,1989-05-23,
丹-伯恩,http://soccer.stats.qq.com/player.htm?type=yingchao&t1=78916,198cm,87kg,英格兰,1992-05-09,
蒙托亚,http://soccer.stats.qq.com/player.htm?type=yingchao&t1=86153,175cm,73kg,西班牙,1991-04-14,
巴顿,http://soccer.stats.qq.com/player.htm?type=yingchao&t1=50093,191cm,87kg,England,1989-02-27,
马修.瑞恩,http://soccer.stats.qq.com/player.htm?type=yingchao&t1=131897,184cm,82kg,澳大利亚,1992-04-08,门将
阿隆.列侬,http://soccer.stats.qq.com/player.htm?type=yingchao&t1=17349,165cm,63kg,英格兰,1987-04-16,
斯蒂文・德福尔,http://soccer.stats.qq.com/player.htm?type=yingchao&t1=39847,173cm,65kg,比利时,1988-04-15,中场
杰克・科克,http://soccer.stats.qq.com/player.htm?type=yingchao&t1=40145,183cm,70kg,英格兰,1989-06-25,
阿什利-韦斯特伍德,http://soccer.stats.qq.com/player.htm?type=yingchao&t1=60551,175cm,80kg,England,1990-04-01,
古德蒙德森,http://soccer.stats.qq.com/player.htm?type=yingchao&t1=60586,186cm,78kg,,1990-10-27,中场
杰夫-亨德里克,http://soccer.stats.qq.com/player.htm?type=yingchao&t1=83314,185cm,79kg,,1992-01-31,中场
罗比・布拉迪,http://soccer.stats.qq.com/player.htm?type=yingchao&t1=90517,176cm,71kg,爱尔兰,1992-01-14,中场
杰伊・罗德里格斯,http://soccer.stats.qq.com/player.htm?type=yingchao&t1=44683,185cm,80kg,英格兰,1989-07-29,
阿什利・巴恩斯,http://soccer.stats.qq.com/player.htm?type=yingchao&t1=44699,186cm,77kg,澳大利亚,1989-10-30,
伍德,http://soccer.stats.qq.com/player.htm?type=yingchao&t1=60689,191cm,81kg,新西兰,1991-12-07,
马泰伊.维德拉,http://soccer.stats.qq.com/player.htm?type=yingchao&t1=81183,180cm,71kg,捷克,1992-05-01,前锋
塔尔科夫斯基,http://soccer.stats.qq.com/player.htm?type=yingchao&t1=17761,185cm,81kg,,1992-11-19,
菲尔.巴德斯利,http://soccer.stats.qq.com/player.htm?type=yingchao&t1=17997,180cm,74kg,英格兰,1985-06-28,
埃里克-皮特斯,http://soccer.stats.qq.com/player.htm?type=yingchao&t1=39487,183cm,84kg,荷兰,1988-08-07,
凯文・朗,http://soccer.stats.qq.com/player.htm?type=yingchao&t1=41674,188cm,83kg,爱尔兰共和国,1990-08-18,
本杰明・米,http://soccer.stats.qq.com/player.htm?type=yingchao&t1=51927,180cm,74kg,英格兰,1989-09-21,
马修-洛顿,http://soccer.stats.qq.com/player.htm?type=yingchao&t1=68983,180cm,78kg,英格兰,1989-06-09,
乔.哈特,http://soccer.stats.qq.com/player.htm?type=yingchao&t1=15749,196cm,91kg,英格兰,1987-04-19,门将
汤姆・希顿,http://soccer.stats.qq.com/player.htm?type=yingchao&t1=21205,188cm,85kg,英格兰,1986-04-15,门将
尼克・波普,http://soccer.stats.qq.com/player.htm?type=yingchao&t1=98747,191cm,76kg,,1992-04-19,
丹尼尔.德林克沃特,http://soccer.stats.qq.com/player.htm?type=yingchao&t1=61603,178cm,79kg,英格兰,1990-03-05,中场
约尔吉尼奥・弗雷洛,http://soccer.stats.qq.com/player.htm?type=yingchao&t1=85955,180cm,65kg,意大利,1991-12-20,中场
罗斯.巴克利,http://soccer.stats.qq.com/player.htm?type=yingchao&t1=88894,189cm,76kg,England,1993-12-05,中场
科瓦西奇,http://soccer.stats.qq.com/player.htm?type=yingchao&t1=91651,178cm,78kg,克罗地亚,1994-05-06,中场
卢卡斯-皮亚松,http://soccer.stats.qq.com/player.htm?type=yingchao&t1=111565,182cm,73kg,巴西,1994-01-20,
恩戈洛・坎特,http://soccer.stats.qq.com/player.htm?type=yingchao&t1=116594,168cm,68kg,法国,1991-03-29,中场
路易斯-贝克尔,http://soccer.stats.qq.com/player.htm?type=yingchao&t1=126186,182cm,72kg,英格兰,1995-04-25,
洛夫图斯-奇克,http://soccer.stats.qq.com/player.htm?type=yingchao&t1=126187,191cm,88kg,英格兰,1996-01-23,
肯尼迪,http://soccer.stats.qq.com/player.htm?type=yingchao&t1=167767,182cm,77kg,,1996-02-08,
巴卡约科,http://soccer.stats.qq.com/player.htm?type=yingchao&t1=169102,185cm,77kg,法国,1994-08-17,
克里斯蒂安-普利西奇,http://soccer.stats.qq.com/player.htm?type=yingchao&t1=176413,172cm,69kg,,1998-09-18,中场
德容.斯特林,http://soccer.stats.qq.com/player.htm?type=yingchao&t1=199583,186cm,81kg,,1999-10-24,
奥利弗.吉鲁,http://soccer.stats.qq.com/player.htm?type=yingchao&t1=44346,192cm,93kg,法国,1986-09-30,前锋
威廉,http://soccer.stats.qq.com/player.htm?type=yingchao&t1=47431,175cm,77kg,巴西,1988-08-09,中场
佩德罗,http://soccer.stats.qq.com/player.htm?type=yingchao&t1=49579,169cm,65kg,西班牙,1987-07-28,前锋
巴舒亚伊,http://soccer.stats.qq.com/player.htm?type=yingchao&t1=94245,184cm,74kg,比利时,1993-10-02,前锋
伊赛亚-布朗,http://soccer.stats.qq.com/player.htm?type=yingchao&t1=112516,182cm,70kg,英格兰,1997-01-07,
大卫.路易斯,http://soccer.stats.qq.com/player.htm?type=yingchao&t1=41270,189cm,84kg,巴西,1987-04-22,后卫
阿兹皮利奎塔,http://soccer.stats.qq.com/player.htm?type=yingchao&t1=41328,178cm,76kg,西班牙,1989-08-28,后卫
马科斯.阿隆索,http://soccer.stats.qq.com/player.htm?type=yingchao&t1=82263,188cm,84kg,西班牙,1990-12-28,
赫克托耳,http://soccer.stats.qq.com/player.htm?type=yingchao&t1=84915,193cm,82kg,,1992-07-19,后卫
安东尼奥・吕迪格,http://soccer.stats.qq.com/player.htm?type=yingchao&t1=102380,190cm,85kg,德国,1993-03-03,后卫
科特・佐马,http://soccer.stats.qq.com/player.htm?type=yingchao&t1=103192,190cm,96kg,法国,1994-10-27,
大卫・赞帕科斯塔,http://soccer.stats.qq.com/player.htm?type=yingchao&t1=105700,185cm,70kg,意大利,1992-06-11,后卫
埃莫森,http://soccer.stats.qq.com/player.htm?type=yingchao&t1=109533,176cm,63kg,巴西,1994-08-03,
巴巴・拉赫曼,http://soccer.stats.qq.com/player.htm?type=yingchao&t1=118335,180cm,72kg,加纳,1994-07-02,
安德烈亚斯・克里斯滕森,http://soccer.stats.qq.com/player.htm?type=yingchao&t1=135363,188cm,78kg,丹麦,1996-04-10,
马特-米亚兹加,http://soccer.stats.qq.com/player.htm?type=yingchao&t1=163793,191cm,84kg,,1995-07-19,
伊坦.安帕杜,http://soccer.stats.qq.com/player.htm?type=yingchao&t1=199598,183cm,78kg,,2000-09-14,
卡瓦列罗,http://soccer.stats.qq.com/player.htm?type=yingchao&t1=20310,186cm,81kg,阿根廷,1981-09-28,
科帕.阿里扎巴拉加,http://soccer.stats.qq.com/player.htm?type=yingchao&t1=109745,189cm,84kg,西班牙,1994-10-03,
詹姆斯.麦克阿瑟,http://soccer.stats.qq.com/player.htm?type=yingchao&t1=50471,178cm,75kg,苏格兰,1987-10-07,
库亚特,http://soccer.stats.qq.com/player.htm?type=yingchao&t1=55037,189cm,83kg,Senegal,1989-12-21,
安德罗斯・汤森,http://soccer.stats.qq.com/player.htm?type=yingchao&t1=60252,181cm,77kg,英格兰,1991-07-16,中场
卢卡・米利沃耶维奇,http://soccer.stats.qq.com/player.htm?type=yingchao&t1=66975,186cm,80kg,塞尔维亚,1991-04-07,
马克斯・迈尔,http://soccer.stats.qq.com/player.htm?type=yingchao&t1=141020,173cm,67kg,德国,1995-09-18,
里德瓦尔德 ,http://soccer.stats.qq.com/player.htm?type=yingchao&t1=173954,182cm,79kg,荷兰,1996-09-09,
本特克,http://soccer.stats.qq.com/player.htm?type=yingchao&t1=54861,190cm,83kg,比利时,1990-12-03,前锋
威克汉姆,http://soccer.stats.qq.com/player.htm?type=yingchao&t1=59125,191cm,90kg,英格兰,1993-03-31,
维尔弗雷德・扎哈,http://soccer.stats.qq.com/player.htm?type=yingchao&t1=82403,180cm,66kg,英格兰,1992-11-10,
斯科特.丹恩,http://soccer.stats.qq.com/player.htm?type=yingchao&t1=19188,188cm,76kg,英格兰,1987-02-14,
马马杜.萨科,http://soccer.stats.qq.com/player.htm?type=yingchao&t1=40784,187cm,83kg,法国,1990-02-13,后卫
詹姆斯.汤姆金斯,http://soccer.stats.qq.com/player.htm?type=yingchao&t1=49413,192cm,74kg,英格兰,1989-03-29,
乔尔-沃德,http://soccer.stats.qq.com/player.htm?type=yingchao&t1=55494,188cm,83kg,英格兰,1989-10-29,
马汀.凯利,http://soccer.stats.qq.com/player.htm?type=yingchao&t1=58786,191cm,77kg,英格兰,1990-04-27,
范安霍尔特,http://soccer.stats.qq.com/player.htm?type=yingchao&t1=74230,176cm,74kg,荷兰,1990-08-29,后卫
杰弗里・施鲁普,http://soccer.stats.qq.com/player.htm?type=yingchao&t1=86417,178cm,72kg,加纳,1992-12-23,后卫
韦恩.亨尼西,http://soccer.stats.qq.com/player.htm?type=yingchao&t1=20066,198cm,90kg,威尔士,1987-01-24,门将
维琴特.帕纳德罗,http://soccer.stats.qq.com/player.htm?type=yingchao&t1=40836,190cm,81kg,西班牙,1987-01-10,
斯蒂芬-亨德森,http://soccer.stats.qq.com/player.htm?type=yingchao&t1=42525,188cm,87kg,爱尔兰,1988-05-02,
摩根・施耐德林,http://soccer.stats.qq.com/player.htm?type=yingchao&t1=42774,181cm,75kg,法国,1989-11-08,中场
詹姆斯.麦卡锡,http://soccer.stats.qq.com/player.htm?type=yingchao&t1=50472,180cm,72kg,爱尔兰,1990-11-12,中场
吉尔菲.西于尔兹松,http://soccer.stats.qq.com/player.htm?type=yingchao&t1=55422,186cm,79kg,冰岛,1989-09-08,中场
伊德里萨.盖耶,http://soccer.stats.qq.com/player.htm?type=yingchao&t1=80801,174cm,66kg,塞内加尔,1989-09-26,
穆罕默德.贝西奇,http://soccer.stats.qq.com/player.htm?type=yingchao&t1=87447,180cm,80kg,波黑,1992-09-10,后卫
伯纳德,http://soccer.stats.qq.com/player.htm?type=yingchao&t1=100649,166cm,57kg,巴西,1992-09-08,中场
安德列-戈麦斯,http://soccer.stats.qq.com/player.htm?type=yingchao&t1=120250,188cm,84kg,Portugal,1993-07-30,中场
威廉姆斯,http://soccer.stats.qq.com/player.htm?type=yingchao&t1=169527,185cm,80kg,英格兰,1996-12-08,
西奥.沃尔科特,http://soccer.stats.qq.com/player.htm?type=yingchao&t1=20467,176cm,68kg,英格兰,1989-03-16,
凯文・米拉拉斯,http://soccer.stats.qq.com/player.htm?type=yingchao&t1=26901,182cm,72kg,比利时,1987-10-05,前锋
岑克.托松,http://soccer.stats.qq.com/player.htm?type=yingchao&t1=66838,183cm,78kg,土耳其,1991-06-07,前锋
尼亚斯,http://soccer.stats.qq.com/player.htm?type=yingchao&t1=113688,182cm,75kg,,1990-04-18,
卡尔维特.勒温,http://soccer.stats.qq.com/player.htm?type=yingchao&t1=177815,176cm,71kg,,1997-03-16,
塔拉沙伊,http://soccer.stats.qq.com/player.htm?type=yingchao&t1=179141,176cm,76kg,,1995-02-07,前锋
莱顿.贝恩斯,http://soccer.stats.qq.com/player.htm?type=yingchao&t1=12745,170cm,74kg,英格兰,1984-12-11,后卫
措科・马蒂纳,http://soccer.stats.qq.com/player.htm?type=yingchao&t1=56192,185cm,77kg,Cura?ao,1989-09-25,
塞姆斯.科莱曼,http://soccer.stats.qq.com/player.htm?type=yingchao&t1=59949,177cm,67kg,爱尔兰,1988-10-11,后卫
迪涅,http://soccer.stats.qq.com/player.htm?type=yingchao&t1=101188,178cm,74kg,法国,1993-07-20,后卫
迈克尔-基恩,http://soccer.stats.qq.com/player.htm?type=yingchao&t1=106611,191cm,82kg,英格兰,1993-01-11,
马修・彭宁顿,http://soccer.stats.qq.com/player.htm?type=yingchao&t1=114093,185cm,77kg,英格兰,1994-10-06,
冈萨雷斯,http://soccer.stats.qq.com/player.htm?type=yingchao&t1=164511,195cm,94kg,,1994-09-23,后卫
马尔滕.斯特克伦堡,http://soccer.stats.qq.com/player.htm?type=yingchao&t1=10318,197cm,92kg,荷兰,1982-09-22,
乔纳斯・洛斯尔,http://soccer.stats.qq.com/player.htm?type=yingchao&t1=57513,195cm,89kg,丹麦,1989-02-01,
乔丹-皮克福德,http://soccer.stats.qq.com/player.htm?type=yingchao&t1=111234,185cm,77kg,英格兰,1994-03-07,
安迪・金,http://soccer.stats.qq.com/player.htm?type=yingchao&t1=13152,184cm,79kg,威尔士,1988-10-29,中场
席尔瓦,http://soccer.stats.qq.com/player.htm?type=yingchao&t1=46483,175cm,69kg,葡萄牙,1989-03-15,中场
马克.阿尔布莱顿,http://soccer.stats.qq.com/player.htm?type=yingchao&t1=51938,175cm,74kg,英格兰,1989-11-18,
詹姆斯,http://soccer.stats.qq.com/player.htm?type=yingchao&t1=61604,181cm,86kg,英格兰,1991-07-22,
南帕利斯.门迪,http://soccer.stats.qq.com/player.htm?type=yingchao&t1=86881,167cm,73kg,法国,1992-06-23,
拉奇德・格扎尔,http://soccer.stats.qq.com/player.htm?type=yingchao&t1=115858,182cm,70kg,法国,1992-05-09,
丹尼尔.阿马尔泰,http://soccer.stats.qq.com/player.htm?type=yingchao&t1=155569,186cm,79kg,加纳,1994-12-21,
卡普茨卡,http://soccer.stats.qq.com/player.htm?type=yingchao&t1=165911,179cm,62kg,,1996-12-23,中场
约埃里・蒂耶莱曼斯,http://soccer.stats.qq.com/player.htm?type=yingchao&t1=166989,176cm,72kg,比利时,1997-05-07,
德马莱-格雷,http://soccer.stats.qq.com/player.htm?type=yingchao&t1=172632,180cm,74kg,,1996-06-28,
杰米・瓦尔迪,http://soccer.stats.qq.com/player.htm?type=yingchao&t1=101668,179cm,74kg,英格兰,1987-01-11,前锋
斯利马尼,http://soccer.stats.qq.com/player.htm?type=yingchao&t1=149828,188cm,83kg,阿尔及利亚,1988-06-18,前锋
阿约泽・佩雷斯,http://soccer.stats.qq.com/player.htm?type=yingchao&t1=168580,178cm,72kg,西班牙,1993-07-29,
伊希纳乔,http://soccer.stats.qq.com/player.htm?type=yingchao&t1=173515,185cm,82kg,,1996-10-03,
韦斯・摩根,http://soccer.stats.qq.com/player.htm?type=yingchao&t1=15033,186cm,101kg,牙买加,1984-01-21,后卫
克里斯蒂安.富克斯,http://soccer.stats.qq.com/player.htm?type=yingchao&t1=37402,187cm,89kg,奥地利,1986-04-07,后卫
乔尼.埃文斯,http://soccer.stats.qq.com/player.htm?type=yingchao&t1=37642,188cm,77kg,北爱尔兰,1988-01-03,后卫
哈里・马奎尔,http://soccer.stats.qq.com/player.htm?type=yingchao&t1=95658,194cm,100kg,英格兰,1993-03-05,
里卡多・佩雷拉,http://soccer.stats.qq.com/player.htm?type=yingchao&t1=111931,175cm,70kg,葡萄牙,1993-10-06,
本-奇维尔,http://soccer.stats.qq.com/player.htm?type=yingchao&t1=172850,178cm,77kg,,1996-12-21,
本科维奇,http://soccer.stats.qq.com/player.htm?type=yingchao&t1=213405,194cm,80kg,,1997-07-13,
瑟云聚,http://soccer.stats.qq.com/player.htm?type=yingchao&t1=218031,185cm,82kg,,1996-05-23,后卫
厄尔丁-雅库波维奇,http://soccer.stats.qq.com/player.htm?type=yingchao&t1=11974,191cm,85kg,瑞士,1984-10-02,
卡斯帕・舒梅切尔,http://soccer.stats.qq.com/player.htm?type=yingchao&t1=17745,189cm,89kg,丹麦,1986-11-05,
丹尼-沃德,http://soccer.stats.qq.com/player.htm?type=yingchao&t1=95463,191cm,88kg,威尔士,1993-06-22,门将
詹姆斯.米尔纳,http://soccer.stats.qq.com/player.htm?type=yingchao&t1=15157,175cm,70kg,英格兰,1986-01-04,中场
亚当・拉拉纳,http://soccer.stats.qq.com/player.htm?type=yingchao&t1=39155,172cm,73kg,英格兰,1988-05-10,中场
乔治尼奥・维纳尔杜姆,http://soccer.stats.qq.com/player.htm?type=yingchao&t1=41733,175cm,69kg,荷兰,1990-11-11,前卫
乔丹.亨德森,http://soccer.stats.qq.com/player.htm?type=yingchao&t1=56979,182cm,67kg,英格兰,1990-06-17,中场
张伯伦 ,http://soccer.stats.qq.com/player.htm?type=yingchao&t1=81880,180cm,70kg,英格兰,1993-08-15,前卫
法比尼奥,http://soccer.stats.qq.com/player.htm?type=yingchao&t1=116643,188cm,78kg,巴西,1993-10-23,后卫
肯特,http://soccer.stats.qq.com/player.htm?type=yingchao&t1=141291,172cm,65kg,,1996-11-11,
哈里-威尔逊,http://soccer.stats.qq.com/player.htm?type=yingchao&t1=153682,173cm,70kg,,1997-03-22,
纳比.凯塔,http://soccer.stats.qq.com/player.htm?type=yingchao&t1=175592,172cm,64kg,几内亚,1995-02-10,
谢尔丹.沙基里,http://soccer.stats.qq.com/player.htm?type=yingchao&t1=68312,169cm,72kg,瑞士,1991-10-10,中场
罗伯托.菲尔米诺,http://soccer.stats.qq.com/player.htm?type=yingchao&t1=92217,181cm,76kg,巴西,1991-10-02,
萨迪奥.马内,http://soccer.stats.qq.com/player.htm?type=yingchao&t1=110979,175cm,69kg,塞内加尔,1992-04-10,
默罕默德・萨拉赫,http://soccer.stats.qq.com/player.htm?type=yingchao&t1=118748,175cm,71kg,埃及,1992-06-15,
迪沃克・奥里吉,http://soccer.stats.qq.com/player.htm?type=yingchao&t1=152760,185cm,75kg,比利时,1995-04-18,前锋
伍德伯恩,http://soccer.stats.qq.com/player.htm?type=yingchao&t1=182436,174cm,72kg,,1999-10-15,
布鲁斯特,http://soccer.stats.qq.com/player.htm?type=yingchao&t1=195473,180cm,75kg,,2000-04-01,
德扬.洛夫伦,http://soccer.stats.qq.com/player.htm?type=yingchao&t1=38454,188cm,84kg,波黑,1989-07-05,后卫
纳坦纳尔・克莱因,http://soccer.stats.qq.com/player.htm?type=yingchao&t1=57328,175cm,67kg,英格兰,1991-04-05,后卫
乔尔.马蒂普,http://soccer.stats.qq.com/player.htm?type=yingchao&t1=60914,195cm,90kg,喀麦隆,1991-08-08,后卫
维吉尔・范迪克,http://soccer.stats.qq.com/player.htm?type=yingchao&t1=97032,193cm,92kg,荷兰,1991-07-08,
安德鲁・罗伯逊,http://soccer.stats.qq.com/player.htm?type=yingchao&t1=122798,178cm,64kg,苏格兰,1994-03-11,
约瑟夫-戈麦斯,http://soccer.stats.qq.com/player.htm?type=yingchao&t1=171287,188cm,77kg,England,1997-05-23,
西蒙.米尼奥莱,http://soccer.stats.qq.com/player.htm?type=yingchao&t1=66797,193cm,87kg,比利时,1988-03-06,门将
贝克,http://soccer.stats.qq.com/player.htm?type=yingchao&t1=116535,191cm,91kg,,1992-10-02,门将
大卫.席尔瓦,http://soccer.stats.qq.com/player.htm?type=yingchao&t1=20664,173cm,67kg,西班牙,1986-01-08,中场
费尔南迪尼奥,http://soccer.stats.qq.com/player.htm?type=yingchao&t1=27789,179cm,67kg,巴西,1985-05-04,中场
法比安.德尔夫,http://soccer.stats.qq.com/player.htm?type=yingchao&t1=41823,174cm,60kg,英格兰,1989-11-21,中场
伊尔凯.京多安,http://soccer.stats.qq.com/player.htm?type=yingchao&t1=59859,180cm,79kg,土耳其,1990-10-24,
凯文・德布劳内,http://soccer.stats.qq.com/player.htm?type=yingchao&t1=61366,181cm,68kg,比利时,1991-06-28,中场
利亚德・马赫雷斯,http://soccer.stats.qq.com/player.htm?type=yingchao&t1=103025,179cm,67kg,阿尔及利亚,1991-02-21,前锋
贝尔纳多.席尔瓦,http://soccer.stats.qq.com/player.htm?type=yingchao&t1=165809,173cm,64kg,葡萄牙,1994-08-10,
津琴科,http://soccer.stats.qq.com/player.htm?type=yingchao&t1=206325,175cm,64kg,,1996-12-15,中场
菲尔.福登,http://soccer.stats.qq.com/player.htm?type=yingchao&t1=209244,171cm,70kg,,2000-05-28,
塞尔吉奥.阿圭罗,http://soccer.stats.qq.com/player.htm?type=yingchao&t1=37572,173cm,70kg,阿根廷,1988-06-02,前锋
拉希姆・斯特林,http://soccer.stats.qq.com/player.htm?type=yingchao&t1=103955,170cm,69kg,英格兰,1994-12-08,中场
卢卡斯.恩梅查,http://soccer.stats.qq.com/player.htm?type=yingchao&t1=174594,185cm,80kg,,1998-12-14,
勒鲁瓦・ 萨内,http://soccer.stats.qq.com/player.htm?type=yingchao&t1=182156,183cm,75kg,德国,1996-01-11,中场
热苏斯,http://soccer.stats.qq.com/player.htm?type=yingchao&t1=205651,175cm,73kg,,1997-04-03,
埃拉奎姆・曼加拉,http://soccer.stats.qq.com/player.htm?type=yingchao&t1=57112,188cm,84kg,法国,1991-02-13,后卫
尼科拉斯・奥塔门迪,http://soccer.stats.qq.com/player.htm?type=yingchao&t1=57410,183cm,81kg,阿根廷,1988-02-12,后卫
基尔.沃克,http://soccer.stats.qq.com/player.htm?type=yingchao&t1=58621,178cm,70kg,英格兰,1990-05-28,后卫
约翰-斯通斯,http://soccer.stats.qq.com/player.htm?type=yingchao&t1=97299,188cm,70kg,英格兰,1994-05-28,后卫
达尼洛・路易斯,http://soccer.stats.qq.com/player.htm?type=yingchao&t1=100180,184cm,78kg,Brazil,1991-07-15,
本杰明・门迪,http://soccer.stats.qq.com/player.htm?type=yingchao&t1=102826,185cm,85kg,France,1994-07-17,
阿达拉比奥约,http://soccer.stats.qq.com/player.htm?type=yingchao&t1=109646,196cm,80kg,,1997-09-24,
安赫力诺,http://soccer.stats.qq.com/player.htm?type=yingchao&t1=145235,175cm,69kg,西班牙,1997-01-04,
埃梅里克.拉波尔特,http://soccer.stats.qq.com/player.htm?type=yingchao&t1=146941,191cm,86kg,法国,1994-05-27,
克劳迪奥.布拉沃,http://soccer.stats.qq.com/player.htm?type=yingchao&t1=33148,184cm,80kg,智利,1983-04-13,门将
埃德森・莫莱斯,http://soccer.stats.qq.com/player.htm?type=yingchao&t1=121160,188cm,86kg,巴西,1993-08-17,
格里姆肖,http://soccer.stats.qq.com/player.htm?type=yingchao&t1=145232,185cm,77kg,,1998-01-16,
胡安.马塔,http://soccer.stats.qq.com/player.htm?type=yingchao&t1=43670,170cm,63kg,西班牙,1988-04-28,前卫
内曼贾・马蒂奇,http://soccer.stats.qq.com/player.htm?type=yingchao&t1=62398,194cm,85kg,塞尔维亚,1988-08-01,
博格巴,http://soccer.stats.qq.com/player.htm?type=yingchao&t1=74208,191cm,84kg,法国,1993-03-15,中场
弗雷德,http://soccer.stats.qq.com/player.htm?type=yingchao&t1=101582,169cm,64kg,巴西,1993-03-05,
耶塞-林加德,http://soccer.stats.qq.com/player.htm?type=yingchao&t1=109322,175cm,62kg,英格兰,1992-12-15,
安德烈斯.佩雷拉,http://soccer.stats.qq.com/player.htm?type=yingchao&t1=156689,178cm,71kg,比利时,1996-01-01,
阿莱克西斯.桑切斯,http://soccer.stats.qq.com/player.htm?type=yingchao&t1=37265,169cm,62kg,智利,1988-12-19,前锋
卢卡库,http://soccer.stats.qq.com/player.htm?type=yingchao&t1=66749,190cm,93kg,比利时,1993-05-13,前锋
安东尼・马夏尔,http://soccer.stats.qq.com/player.htm?type=yingchao&t1=148225,181cm,76kg,法国,1995-12-05,前锋
拉什福德,http://soccer.stats.qq.com/player.htm?type=yingchao&t1=176297,180cm,70kg,,1997-10-31,前锋
阿什利.扬,http://soccer.stats.qq.com/player.htm?type=yingchao&t1=18892,175cm,65kg,英格兰,1985-07-09,
马特奥.达米安,http://soccer.stats.qq.com/player.htm?type=yingchao&t1=40002,182cm,70kg,意大利,1989-12-02,后卫
克里斯.斯莫林,http://soccer.stats.qq.com/player.htm?type=yingchao&t1=55909,194cm,81kg,英格兰,1989-11-22,后卫
马科斯.罗霍,http://soccer.stats.qq.com/player.htm?type=yingchao&t1=58893,187cm,85kg,阿根廷,1990-03-20,后卫
菲尔.琼斯,http://soccer.stats.qq.com/player.htm?type=yingchao&t1=76359,180cm,71kg,英格兰,1992-02-21,后卫
卢克・肖,http://soccer.stats.qq.com/player.htm?type=yingchao&t1=106760,185cm,75kg,英格兰,1995-07-12,后卫
图安泽贝,http://soccer.stats.qq.com/player.htm?type=yingchao&t1=180804,182cm,75kg,,1997-11-14,
尼尔松-林德洛夫,http://soccer.stats.qq.com/player.htm?type=yingchao&t1=184667,187cm,80kg,瑞典,1994-07-17,后卫
拜利,http://soccer.stats.qq.com/player.htm?type=yingchao&t1=197365,187cm,77kg,科特迪瓦,1994-04-12,
福苏-门萨,http://soccer.stats.qq.com/player.htm?type=yingchao&t1=201084,190cm,78kg,,1998-01-02,
塞尔吉奥・罗梅罗,http://soccer.stats.qq.com/player.htm?type=yingchao&t1=42899,192cm,87kg,阿根廷,1987-02-22,门将
大卫.德赫亚,http://soccer.stats.qq.com/player.htm?type=yingchao&t1=51940,192cm,76kg,西班牙,1990-11-07,门将
亨利.赛维,http://soccer.stats.qq.com/player.htm?type=yingchao&t1=43521,174cm,76kg,塞内加尔,1990-10-26,
琼乔.谢尔维,http://soccer.stats.qq.com/player.htm?type=yingchao&t1=50232,184cm,80kg,英格兰,1992-02-27,
马特-里奇,http://soccer.stats.qq.com/player.htm?type=yingchao&t1=56983,172cm,76kg,Scotland,1989-09-10,
杰克.科尔巴克,http://soccer.stats.qq.com/player.htm?type=yingchao&t1=58771,177cm,77kg,英格兰,1989-10-24,
寄诚庸,http://soccer.stats.qq.com/player.htm?type=yingchao&t1=76542,189cm,75kg,韩国,1989-01-24,中场
阿特苏,http://soccer.stats.qq.com/player.htm?type=yingchao&t1=104953,165cm,65kg,Ghana,1992-01-10,
雅各布-墨菲,http://soccer.stats.qq.com/player.htm?type=yingchao&t1=114243,179cm,74kg,英格兰,1995-02-24,
伊萨克-海登,http://soccer.stats.qq.com/player.htm?type=yingchao&t1=153127,185cm,79kg,英格兰,1995-03-22,
罗兰多・阿隆斯,http://soccer.stats.qq.com/player.htm?type=yingchao&t1=155513,178cm,76kg,牙买加,1995-11-16,
米格尔阿尔米隆,http://soccer.stats.qq.com/player.htm?type=yingchao&t1=179018,174cm,70kg,,1993-11-13,中场
何塞卢,http://soccer.stats.qq.com/player.htm?type=yingchao&t1=61316,192cm,80kg,西班牙,1990-03-27,
武藤嘉纪,http://soccer.stats.qq.com/player.htm?type=yingchao&t1=196118,178cm,72kg,日本,1992-07-15,中场
费德里科・费尔南德斯,http://soccer.stats.qq.com/player.htm?type=yingchao&t1=57145,190cm,83kg,阿根廷,1989-02-21,后卫
谢兰.克拉克,http://soccer.stats.qq.com/player.htm?type=yingchao&t1=58845,185cm,88kg,英格兰,1989-09-26,后卫
弗洛里安・勒戎,http://soccer.stats.qq.com/player.htm?type=yingchao&t1=77359,189cm,89kg,法国,1991-05-20,
贾梅尔-拉舍莱斯,http://soccer.stats.qq.com/player.htm?type=yingchao&t1=101148,188cm,89kg,England,1993-11-11,
保罗-杜梅特,http://soccer.stats.qq.com/player.htm?type=yingchao&t1=106618,183cm,82kg,威尔士,1991-09-26,后卫
哈维-曼基略,http://soccer.stats.qq.com/player.htm?type=yingchao&t1=109528,178cm,76kg,西班牙,1994-05-05,
法比安・萨沙尔,http://soccer.stats.qq.com/player.htm?type=yingchao&t1=119471,188cm,84kg,瑞士,1991-12-20,后卫
耶德林,http://soccer.stats.qq.com/player.htm?type=yingchao&t1=151119,172cm,75kg,美国,1993-07-09,后卫
罗伯特,http://soccer.stats.qq.com/player.htm?type=yingchao&t1=19838,190cm,94kg,爱尔兰,1986-04-30,
卡尔-达洛,http://soccer.stats.qq.com/player.htm?type=yingchao&t1=59735,190cm,88kg,England,1990-10-08,
马丁.杜布拉夫卡,http://soccer.stats.qq.com/player.htm?type=yingchao&t1=67089,190cm,80kg,斯洛伐克,1989-01-15,
伍德曼,http://soccer.stats.qq.com/player.htm?type=yingchao&t1=155503,188cm,83kg,英格兰,1997-03-04,
亚历山大.特泰,http://soccer.stats.qq.com/player.htm?type=yingchao&t1=18665,180cm,68kg,挪威,1986-04-04,
马里奥.弗兰契奇,http://soccer.stats.qq.com/player.htm?type=yingchao&t1=37614,187cm,78kg,德国,1989-05-23,
马沙尔,http://soccer.stats.qq.com/player.htm?type=yingchao&t1=67735,183cm,73kg,英格兰,1991-09-29,
莫里茨.莱特纳,http://soccer.stats.qq.com/player.htm?type=yingchao&t1=87396,174cm,69kg,德国,1992-12-08,
特里布尔,http://soccer.stats.qq.com/player.htm?type=yingchao&t1=90440,181cm,72kg,德国,1993-03-09,
罗伯茨,http://soccer.stats.qq.com/player.htm?type=yingchao&t1=124165,168cm,58kg,,1997-02-05,
艾米,http://soccer.stats.qq.com/player.htm?type=yingchao&t1=195546,170cm,65kg,西班牙,1996-12-25,
